OID,year,month,day,hour,minute,second,latitude,longitude,magnitude,depth,q,eventid,strike,smajax,sminax,unc,q_1,unc_1,q_12,s,mo,fac,mo_auth,mpp,mpr,mrr,mrt,mtp,mtt,str1,dip1,rake1,str2,dip2,rake2,type
-1,1913,4,18,19,2,34,9.459,126.515,6.62,15, C,914056,91.6,19.6,11.8,17.1, C,0.39, C, p, , , , , , , , , , , , , , , , 
-1,1913,4,24,10,15,26,9.895,125.813,6.63,15, B,914058,70.7,17.2,12.9,18, C,0.21, B, p, , , , , , , , , , , , , , , , 
-1,1913,4,24,12,15,28,9.737,126.309,6.43,15, C,914059,84.7,19.9,10.9,17.1, C,0.23, B, p, , , , , , , , , , , , , , , , 
-1,1913,4,26,4,6,13,9.337,126.265,6.23,35, C,914061,83.4,25.8,13.6,17.1, C,0.39, C, p, , , , , , , , , , , , , , , , 
-1,1913,4,28,18,39,27,9.275,125.291,6.33,15, B,914063,69.8,26.9,9.9,16.1, C,0.32, C, p, , , , , , , , , , , , , , , , 
-1,1915,3,12,14,48,33,11.844,122.695,6.82,15, B,913886,72.8,20.9,10.3,6.5, C,0.39, C, p, , , , , , , , , , , , , , , , 
-1,1917,2,18,1,22,48,11.287,123.238,5.88,15, C,913413,74.3,29.8,17.1,25, C,0.27, C, p, , , , , , , , , , , , , , , , 
-1,1917,2,25,5,20,23,12.998,125.666,5.88,15, B,913419,70.1,17,10.3,13.1, C,0.2, C, p, , , , , , , , , , , , , , , , 
-1,1917,2,25,5,45,59,12.969,125.743,6.07,15, C,913420,118.3,22.4,20.2,13.1, C,0.2, B, p, , , , , , , , , , , , , , , , 
-1,1921,5,21,8,42,13,12.67,125.635,6.5,35, B,912236,82.8,20,11.3,11.1, C,0.43, C, p, , , , , , , , , , , , , , , , 
-1,1924,5,16,12,50,58,11.025,124.917,5.95,15, C,910955,73.4,31.1,22,13.3, C,0.45, C, p, , , , , , , , , , , , , , , , 
-1,1925,5,5,10,6,15,9.798,123.044,6.82,15, A,910478,74.7,9.2,7,4.5, C,0.48, C, p, , , , , , , , , , , , , , , , 
-1,1925,5,5,11,58,46,9.513,123.113,6.15,15, C,910480,70.9,19.8,11.8,25, C,0.26, B, p, , , , , , , , , , , , , , , , 
-1,1925,5,7,12,11,44,12.85,125.672,6.23,35, C,910488,132.5,17.9,14.3,13.1, C,0.3, C, p, , , , , , , , , , , , , , , , 
-1,1925,5,7,14,34,14,12.836,125.219,6.35,35, C,910489,126.4,18,15.6,18.3, C,0.2, B, p, , , , , , , , , , , , , , , , 
-1,1925,11,13,12,14,51,12.734,124.719,7.24,20, A,910734,62.4,8.8,5.9,53.1, C,0.2, B, p, , , , , , , , , , , , , , , , 
-1,1925,11,14,8,10,57,12.311,125.434,6.06,35, C,910735,59.9,14.5,9.1,11.1, C,0.7, C, p, , , , , , , , , , , , , , , , 
-1,1925,11,14,10,3,35,12.467,125.541,6.12,35, C,910736,68.5,12.4,8.5,11.1, C,0.23, B, p, , , , , , , , , , , , , , , , 
-1,1925,11,14,14,37,8,12.701,125.566,6.05,35, C,910737,108.3,21,12.6,11.1, C,0.58, C, p, , , , , , , , , , , , , , , , 
-1,1925,12,26,18,23,46,8.945,125.695,6.48,20, C,910783,69.5,23,14.4,27.9, C,0.2, B, p, , , , , , , , , , , , , , , , 
-1,1926,11,27,5,19,29,11.415,124.808,6.29,15, B,910250,48.4,13.3,11.4,42.1, C,0.26, B, p, , , , , , , , , , , , , , , , 
-1,1927,6,7,9,36,35,9.928,126.642,5.62,15, C,909324,87.7,40.8,23,14.5, C,0.2, B, p, , , , , , , , , , , , , , , , 
-1,1927,7,3,8,16,42,13.332,124.659,5.98,35, C,909361,159.1,24.1,13.5,10.5, C,0.28, B, p, , , , , , , , , , , , , , , , 
-1,1927,8,13,11,46,28,12.062,126.252,5.65,15, C,909450,97.9,24.6,15.1,6.4, C,0.27, C, p, , , , , , , , , , , , , , , , 
-1,1927,11,18,3,24,48,9.564,125.986,6.33,35, B,909636,60,14.9,8.9,23.1, C,0.34, C, p, , , , , , , , , , , , , , , , 
-1,1928,3,12,16,55,49,10.348,124.909,5.68,15, C,908533,102.1,56.7,26.8,15.1, C,0.21, C, p, , , , , , , , , , , , , , , , 
-1,1929,7,9,17,23,34,9.108,126.209,5.6,15, C,908203,41.6,132.2,39.6,46.5, C,0.2, C, p, , , , , , , , , , , , , , , , 
-1,1931,1,24,13,41,19,10.442,126.036,6.11,35, B,906588,74.9,11.8,7.2,19.6, C,0.3, B, p, , , , , , , , , , , , , , , , 
-1,1931,5,24,0,13,7,10.267,125.616,6.1,15, C,906789,91.2,12.5,9.2,42.2, C,0.2, B, p, , , , , , , , , , , , , , , , 
-1,1931,7,12,16,45,30,12.71,123.889,6.47,15, A,906870,70.5,7.9,6.3,8, C,0.2, B, p, , , , , , , , , , , , , , , , 
-1,1931,10,26,14,42,13,12.188,125.719,5.67,35, C,907097,38.9,15.8,11.4,13.4, C,0.29, C, p, , , , , , , , , , , , , , , , 
-1,1932,7,11,8,21,35,12.34,125.289,5.82,35, C,906284,142,22.4,15.1,11.1, C,0.2, B, p, , , , , , , , , , , , , , , , 
-1,1933,8,20,11,45,10,13.185,124.847,6.29,20, A,905767,28.3,9.2,6.8,4.6, A,0.32, C, p, , , , , , , , , , , , , , , , 
-1,1933,8,22,13,12,56,12.471,125.21,5.84,35, C,905772,1,16,11.4,19.4, C,0.2, B, p, , , , , , , , , , , , , , , , 
-1,1935,5,24,5,36,42,12.086,124.941,6.79,45, A,904298,76.9,8.9,5.9,14.8, C,0.42, C, p, , , , , , , , , , , , , , , , 
-1,1935,5,25,0,8,1,12.131,125.714,6.08,25, B,904299,40.2,10,7.8,13.4, C,0.2, B, p, , , , , , , , , , , , , , , , 
-1,1935,5,25,8,33,5,11.746,125.586,5.71,25, C,904302,18.1,17.8,15.5,16.9, C,0.2, C, p, , , , , , , , , , , , , , , , 
-1,1935,5,26,22,3,54,12.034,125.804,6.17,25, B,904303,84.1,10.1,7.6,6.5, C,0.2, B, p, , , , , , , , , , , , , , , , 
-1,1935,6,9,6,33,60,11.61,125.692,5.7,25, C,904338,33.4,14.6,11.7,16.9, C,0.32, C, p, , , , , , , , , , , , , , , , 
-1,1935,6,18,22,27,47,12.408,125.592,5.96,25, A,904347,31.4,9.3,8.1,11.1, C,0.2, B, p, , , , , , , , , , , , , , , , 
-1,1935,8,1,14,6,39,11.732,125.821,6.19,25, B,904445,39.1,10.5,7.2,16.2, C,0.36, C, p, , , , , , , , , , , , , , , , 
-1,1935,10,10,20,8,11,11.4,126.6,5.77,15, C,904572,55.9,27.1,20.4,5.1, C,0.2, C, p, , , , , , , , , , , , , , , , 
-1,1935,11,16,5,50,12,11.874,125.819,6.01,15, C,904654,73.3,19.2,17.9,6.5, C,0.2, B, p, , , , , , , , , , , , , , , , 
-1,1936,4,11,23,38,5,11.703,125.812,5.7,15, C,903556,173.3,15.6,12.7,16.2, C,0.2, B, p, , , , , , , , , , , , , , , , 
-1,1936,4,25,4,36,25,9.659,124.714,5.6,25, C,903582,80.4,34.6,15.1,14.9, C,0.64, C, p, , , , , , , , , , , , , , , , 
-1,1936,12,8,10,24,27,10.231,125.36,5.83,15, B,903978,47.7,11.8,9.6,25, C,0.2, B, p, , , , , , , , , , , , , , , , 
-1,1937,6,20,18,28,40,11.735,126.734,5.62,15, C,903120,25.7,36.5,20.1,5.1, C,0.2, B, p, , , , , , , , , , , , , , , , 
-1,1937,9,22,3,11,8,12.391,123.841,6.26,15, B,903260,148.2,9.5,8.5,8, C,0.25, B, p, , , , , , , , , , , , , , , , 
-1,1938,2,5,9,54,60,13.203,123.708,6.07,15, A,902358,48,9.6,7.9,10.6, C,0.63, C, p, , , , , , , , , , , , , , , , 
-1,1938,8,29,15,22,25,12.036,124.134,6.75,15, A,902648,49.5,7.8,6,11.9, C,0.29, B, p, , , , , , , , , , , , , , , , 
-1,1938,11,13,4,53,20,10.34,125.783,6.05,35, B,902788,64,9.7,7.9,19.6, C,0.25, B, p, , , , , , , , , , , , , , , , 
-1,1939,3,29,2,28,60,9.282,126.265,5.63,25, C,901883,97.2,16.3,12.7,17.1, C,0.2, B, p, , , , , , , , , , , , , , , , 
-1,1940,4,8,2,49,23,13.158,125.214,5.84,15, C,901269,175,26.2,11.9,18.3, C,0.2, C, p, , , , , , , , , , , , , , , , 
-1,1941,11,5,17,38,50,12.808,123.518,6.85,15, A,901063,75.7,6.9,6.2,10.6, C,0.39, C, p, , , , , , , , , , , , , , , , 
-1,1942,1,23,21,28,30,10.185,126.306,6.05,25, B,900174,40.1,12.9,9.3,14.5, C,0.22, B, p, , , , , , , , , , , , , , , , 
-1,1942,3,12,13,24,7,9.975,126.087,5.93,15, C,900228,28.6,22,17.2,18, C,0.2, C, p, , , , , , , , , , , , , , , , 
-1,1942,6,14,14,29,38,12.031,125.88,6.04,15, B,900330,127.4,15,13.7,6.5, C,0.2, B, p, , , , , , , , , , , , , , , , 
-1,1942,7,25,6,22,36,11.777,124.98,6.31,55, B,900397,44.5,8.7,7.7,14.8, C,0.43, C, p, , , , , , , , , , , , , , , , 
-1,1942,12,3,1,12,60,10.051,125.801,6.3,15, B,900574,41.7,18.4,13.3,18, C,0.2, C, p, , , , , , , , , , , , , , , , 
-1,1943,5,3,1,59,14,13.02,124.304,7.36,15, A,899838,33.2,7.6,7,22, C,0.34, C, p, , , , , , , , , , , , , , , , 
-1,1943,8,20,1,22,10,10.118,126.332,6.08,35, B,899971,25.7,14.2,12.3,14.5, C,0.39, C, p, , , , , , , , , , , , , , , , 
-1,1943,11,28,6,20,3,9.672,125.853,6.1,35, B,900108,44.6,10.9,9,23.1, C,0.54, C, p, , , , , , , , , , , , , , , , 
-1,1943,12,13,15,53,24,10.083,126.042,6.39,35, B,900127,47.1,17.5,11.6,18, C,0.21, B, p, , , , , , , , , , , , , , , , 
-1,1945,1,13,11,57,12,9.681,126.679,6.06,35, B,898755,50.5,23.3,8.5,17.1, C,0.2, C, p, , , , , , , , , , , , , , , , 
-1,1947,1,8,0,4,35,9.438,126.401,6,35, B,897709,56.9,19.2,10,17.1, C,0.69, C, p, , , , , , , , , , , , , , , , 
-1,1947,6,7,18,47,52,11.185,124.666,6.87,15, A,897883,52.7,8.8,6.7,6.5, C,0.41, C, p, , , , , , , , , , , , , , , , 
-1,1947,6,10,11,12,41,11.623,124.857,6.22,15, C,897886,33.2,20,12.7,42.1, C,0.2, B, p, , , , , , , , , , , , , , , , 
-1,1950,7,18,16,25,51,9.679,125.421,6.06,15, A,895605,83.1,19,13.9,16.1, C,0.2, B, p, , , , , , , , , , , , , , , , 
-1,1950,9,25,23,16,4,9.864,126.264,5.96,25, A,895864,40,11.3,8.5,14.5, C,0.2, B, p, , , , , , , , , , , , , , , , 
-1,1951,11,4,11,9,48,11.789,125.629,6.27,25, A,894884,54.1,8.4,5.9,13.4, C,0.2, B, p, , , , , , , , , , , , , , , , 
-1,1954,7,2,2,45,13,12.835,124.079,6.57,15, A,890805,68.7,5.8,5.4,30.9, C,0.4, C, p, , , , , , , , , , , , , , , , 
-1,1957,2,10,22,32,22,10.336,126.191,6.56,20, A,885935,58.7,7,4.8,19.6, C,0.2, B, p, , , , , , , , , , , , , , , , 
-1,1957,2,10,22,50,59,10.317,126.216,6.67,20, A,885936,56.7,9,6.2,19.6, C,0.2, B, p, , , , , , , , , , , , , , , , 
-1,1957,2,11,1,14,50,10.127,126.153,6.58,20, A,885937,60.1,7.3,4.9,18, C,0.21, B, p, , , , , , , , , , , , , , , , 
-1,1957,2,11,14,25,43,9.998,126.403,6.2,15, A,885944,45,9.6,7.2,14.5, C,0.23, B, p, , , , , , , , , , , , , , , , 
-1,1957,2,13,0,29,54,10.14,126.366,6.15,15, B,885950,54.2,8.2,5.2,14.5, C,0.2, B, p, , , , , , , , , , , , , , , , 
-1,1957,8,18,8,37,2,12.221,123.959,6.48,20, A,887045,58.8,6.1,4.5,11.9, C,0.2, B, p, , , , , , , , , , , , , , , , 
-1,1958,3,13,23,49,30,12.658,123.092,5.84,25, B,883999,45.1,8.3,5.5,8.3, C,0.2, C, p, , , , , , , , , , , , , , , , 
-1,1959,8,5,5,16,47,12.183,125.168,5.57,35, B,882577,49.9,12.9,7.5,14.8, C,0.2, C, p, , , , , , , , , , , , , , , , 
-1,1963,3,24,9,43,20,8.925,125.677,5.84,35, A,872024,56.6,9,6.1,4.8, A,0.2, C, p, , , , , , , , , , , , , , , , 
-1,1964,11,24,12,40,60,13.023,124.683,6.35,35, A,863013,57.2,5.5,3.8,22, C,0.29, B, p, , , , , , , , , , , , , , , , 
-1,1964,12,27,17,43,23,12.898,125.377,5.93,20, B,862253,39.4,6.6,4.2,13.1, C,0.29, C, p, , , , , , , , , , , , , , , , 
-1,1965,1,9,13,32,51,11.938,126.427,5.82,15, B,860890,49.2,7.6,4.3,6.4, C,0.69, C, p, , , , , , , , , , , , , , , , 
-1,1965,4,2,13,4,2,12.728,123.93,5.76,15, B,857364,57.9,12.5,6.5,8, C,0.21, C, p, , , , , , , , , , , , , , , , 
-1,1965,5,24,23,21,13,13.174,124.604,5.92,25, A,857130,53,5.6,4,3.9, A,0.2, B, p, , , , , , , , , , , , , , , , 
-1,1966,6,6,20,47,11,9.528,126.505,6.04,25, B,846202,63.6,7.7,4.3,4, A,0.2, C, p, , , , , , , , , , , , , , , , 
-1,1966,9,13,23,45,16,9.425,126.224,5.53,45, B,843452,60.6,14.9,8,5.2, A,0.25, C, p, , , , , , , , , , , , , , , , 
-1,1967,8,19,15,28,8,10.295,125.881,5.95,35, B,832408,57.1,6.5,4.1,4.6, A,0.2, B, p, , , , , , , , , , , , , , , , 
-1,1967,12,23,17,14,31,10.938,125.322,5.52,78, B,828688,60.7,13.4,7.2,5.2, A,0.27, C, p, , , , , , , , , , , , , , , , 
-1,1968,3,5,18,16,39,9.507,126.415,6.27,35, B,824679,55.9,6.9,4.3,4.5, A,0.2, C, p, , , , , , , , , , , , , , , , 
-1,1968,3,5,18,31,6,9.56,126.246,5.6,70, B,824680,70.3,18.6,10.4,23.1, C,0.2, C, p, , , , , , , , , , , , , , , , 
-1,1968,3,31,8,19,35,11.486,125.393,5.51,50, B,825590,67.2,15.1,7.6,5.5, A,0.5, C, p, , , , , , , , , , , , , , , , 
-1,1968,12,12,5,25,37,9.715,125.884,5.87,98, B,814089,58.4,9.3,4.9,5.1, A,0.52, C, p, , , , , , , , , , , , , , , , 
-1,1969,5,21,2,56,52,11.734,125.876,5.95,30, B,809164,58.6,8.8,4.8,16.2, C,0.2, C, p, , , , , , , , , , , , , , , , 
-1,1969,5,26,15,37,22,11.793,125.786,5.98,30, B,809313,54.4,8.1,4.6,6.5, C,0.2, C, p, , , , , , , , , , , , , , , , 
-1,1969,5,28,3,41,7,11.765,125.681,5.53,26, B,809347,53.5,10.4,5.7,4, A,0.49, C, p, , , , , , , , , , , , , , , , 
-1,1969,6,21,6,36,42,11.223,125.483,5.53,48, A,808204,54.1,11.4,8,5.2, A,0.25, C, p, , , , , , , , , , , , , , , , 
-1,1970,2,17,5,46,3,9.846,125.912,5.58,55, B,799184,53.8,7.9,4.9,5.1, A,0.2, C, p, , , , , , , , , , , , , , , , 
-1,1970,4,24,0,17,12,10.515,125.502,5.51,86, A,797087,64.1,9.9,6.8,6.1, A,0.48, C, p, , , , , , , , , , , , , , , , 
-1,1970,5,30,13,16,30,12.233,124.592,5.77,106, B,796137,55.9,6.8,4.3,4.8, A,0.27, C, p, , , , , , , , , , , , , , , , 
-1,1970,7,12,9,18,6,10.769,125.387,5.81,78, B,793704,61,6.8,4.3,5, A,0.33, C, p, , , , , , , , , , , , , , , , 
-1,1970,11,13,14,16,24,12.081,123.863,6.55,14, A,790180,58.6,6.2,4.5,3.7, A,0.2, B, p, , , , , , , , , , , , , , , , 
-1,1971,3,31,9,14,2,8.981,125.646,5.68,15, B,786765,56.9,8.3,5.1,3.7, A,0.27, C, p, , , , , , , , , , , , , , , , 
-1,1971,3,31,10,23,58,8.9,125.657,5.74,15, B,786767,52.4,7.9,5,3.7, A,0.23, C, p, , , , , , , , , , , , , , , , 
-1,1971,4,2,4,16,9,9.022,125.597,5.53,15, B,785235,57.6,9.7,5.8,3.6, A,0.2, C, p, , , , , , , , , , , , , , , , 
-1,1971,5,3,6,19,3,8.883,124.263,5.84,20, B,784038,59.8,19.1,8.4,25, C,0.46, C, p, , , , , , , , , , , , , , , , 
-1,1971,7,2,5,34,29,12.36,123.899,6.07,25, B,781837,56,7.8,4.7,8, C,0.31, C, p, , , , , , , , , , , , , , , , 
-1,1971,7,14,0,1,51,9.333,126.08,5.47,68, A,782175,61.3,8.4,6.2,5.2, A,0.38, C, p, , , , , , , , , , , , , , , , 
-1,1971,7,25,12,51,46,12.439,123.691,6.44,40, A,782654,55.8,6.6,4.4,4.8, A,0.35, C, p, , , , , , , , , , , , , , , , 
-1,1972,7,7,12,36,16,11.856,126.21,5.62,25, B,771389,66.9,9,5.4,6.5, C,0.7, C, p, , , , , , , , , , , , , , , , 
-1,1973,2,28,8,7,31,9.632,126.165,5.53,30, B,764430,64.9,11.5,6,23.1, C,0.49, C, p, , , , , , , , , , , , , , , , 
-1,1973,4,5,4,32,15,11.973,122.548,5.65,30, B,761168,59.4,7.2,4.7,6.5, C,0.3, C, p, , , , , , , , , , , , , , , , 
-1,1973,7,3,6,37,36,12.285,125.469,6.1,30, B,757880,55.5,6.8,4.1,11.1, C,0.21, B, p, , , , , , , , , , , , , , , , 
-1,1973,7,3,7,3,47,12.269,125.428,6.53,30, A,757881,58.3,5.9,3.9,3.9, A,0.34, C, p, , , , , , , , , , , , , , , , 
-1,1973,7,3,7,57,23,12.194,125.518,5.61,30, B,757885,60.4,9.7,6.1,13.4, C,0.27, C, p, , , , , , , , , , , , , , , , 
-1,1973,7,5,22,46,19,13.205,124.581,6.32,30, A,758002,56.6,5.3,3.9,3.9, A,0.47, C, p, , , , , , , , , , , , , , , , 
-1,1973,7,25,19,58,59,12.148,125.756,5.56,34, B,758703,58,9.7,5.7,6.5, C,0.2, C, p, , , , , , , , , , , , , , , , 
-1,1973,9,13,6,19,47,9.176,126.279,5.51,63, B,756309,58.2,7,4.4,4.9, A,0.24, C, p, , , , , , , , , , , , , , , , 
-1,1973,9,20,20,43,41,9.182,123.972,6.53,557, A,756543,57,5.3,3.6,6.4, A,0.1, A, d,7.8,18,    gcmt,6.35,0.69,-2.32,-5.86,-0.39,-4.03,33,55,-25,138,69,-142, BDC
-1,1973,9,22,5,1,46,9.928,126.268,5.6,35, B,756584,64.1,9.8,5.7,14.5, C,0.31, C, p, , , , , , , , , , , , , , , , 
-1,1973,9,23,12,25,52,10.316,125.273,5.53,25, A,756628,55.8,7.3,4.8,42.2, C,0.2, B, p, , , , , , , , , , , , , , , , 
-1,1973,9,23,16,40,37,9.891,126.407,5.62,52, B,756637,63.7,9.7,5.7,14.5, C,0.27, C, p, , , , , , , , , , , , , , , , 
-1,1973,9,24,10,41,12,9.809,126.475,5.68,33, B,756659,62.7,12.4,6.6,4.7, A,0.37, C, p, , , , , , , , , , , , , , , , 
-1,1973,9,26,9,46,50,10.26,125.362,5.83,25, B,756711,55.8,7.9,5.1,42.2, C,0.29, C, p, , , , , , , , , , , , , , , , 
-1,1974,5,13,2,11,32,10.065,124.078,5.53,602, B,748157,63.3,8,4.8,6, A,0.47, C, p, , , , , , , , , , , , , , , , 
-1,1975,4,9,15,3,21,11.725,125.513,5.57,30, B,729940,65.2,9,5.4,16.9, C,0.2, C, p, , , , , , , , , , , , , , , , 
-1,1975,5,20,15,40,9,9.811,126.458,5.6,30, B,729197,65.7,12.6,6.8,14.5, C,0.2, C, p, , , , , , , , , , , , , , , , 
-1,1975,6,3,5,21,10,10.203,126.49,5.71,35, B,726993,69.5,9.9,5.7,14.5, C,0.22, C, p, , , , , , , , , , , , , , , , 
-1,1975,6,3,18,8,25,10.192,126.47,5.97,35, B,727020,56.1,6.3,4,14.5, C,0.2, B, p, , , , , , , , , , , , , , , , 
-1,1975,6,3,19,10,22,10.376,126.449,5.5,20, B,727021,76.8,18,9.7,4.8, A,0.28, C, p, , , , , , , , , , , , , , , , 
-1,1975,6,13,6,8,38,12.325,125.506,5.99,35, A,727496,60.8,6.2,4.3,11.1, C,0.23, B, p, , , , , , , , , , , , , , , , 
-1,1975,8,9,7,35,18,9.555,126.209,5.77,35, B,724923,66.5,7.1,4.7,23.1, C,0.23, C, p, , , , , , , , , , , , , , , , 
-1,1975,8,23,15,6,44,10.042,125.836,6.02,65, A,725418,63.6,5.8,4,4.8, A,0.34, C, p, , , , , , , , , , , , , , , , 
-1,1975,10,30,12,13,57,12.519,126.085,5.88,25, A,723439,66,6.5,4.6,3.9, A,0.2, C, p, , , , , , , , , , , , , , , , 
-1,1975,10,31,8,28,2,12.574,126.141,7.5,23, A,723470,66.1,6.3,4.3,3.9, A,0.3, B, d,2.3,20, bibliog, , , , , , ,112,30,-90,292,60,-90, FM
-1,1975,10,31,23,20,20,12.016,125.709,5.53,25, B,723506,64.6,13.3,6.1,13.4, C,0.25, C, p, , , , , , , , , , , , , , , , 
-1,1975,11,2,2,39,38,11.466,126.56,5.62,10, B,721189,64.1,8.5,5.5,5.1, C,0.24, C, p, , , , , , , , , , , , , , , , 
-1,1975,11,6,12,36,20,12.532,126.041,5.77,30, A,721369,57.3,5.4,4.1,10.9, C,0.2, B, p, , , , , , , , , , , , , , , , 
-1,1975,11,15,20,39,32,12.906,125.994,6.25,35, A,721800,67.9,5.4,4,11.1, C,0.22, B, p, , , , , , , , , , , , , , , , 
-1,1975,11,29,2,17,60,11.969,125.959,6.2,38, A,722315,64.6,5.8,4.4,4.7, A,0.34, C, p, , , , , , , , , , , , , , , , 
-1,1975,12,1,12,7,3,12.513,126.034,5.52,55, A,719940,66.3,6.8,4.8,10.9, C,0.46, C, p, , , , , , , , , , , , , , , , 
-1,1975,12,3,17,6,56,9.277,126.319,5.5,40, A,720020,78.5,9.5,6.7,17.1, C,0.28, C, p, , , , , , , , , , , , , , , , 
-1,1976,8,17,1,11,12,10.155,125.852,6.02,33, A,709919,69.9,5.7,4,4.5, A,0.1, A, d,1.34,18,    gcmt,0.86,0.07,-1.25,-0.5,-0.57,0.39,131,55,-108,340,39,-67, BDC
-1,1976,8,25,12,29,59,13.056,124.43,5.87,40, A,710311,60.7,5.8,3.9,4.7, A,0.2, B, p, , , , , , , , , , , , , , , , 
-1,1976,10,24,2,5,43,12.871,124.553,5.55,73, B,707509,74,8.2,5,4.8, A,0.33, C, p, , , , , , , , , , , , , , , , 
-1,1976,11,8,10,48,45,8.868,125.935,5.54,132, B,705686,58.6,6.9,4.6,4.8, A,0.39, C, p, , , , , , , , , , , , , , , , 
-1,1977,2,28,1,50,31,9.303,126.208,5.53,35, A,702939,61.7,6.8,4.8,23.1, C,0.1, A, d,2.46,17,    gcmt,-1.29,-0.27,2.75,0.44,0.68,-1.46,130,51,88,313,39,92, BDC
-1,1977,10,6,2,4,9,9.984,126.01,5.5,56, A,691451,63.9,11.7,7.8,5.3, A,0.23, C, p, , , , , , , , , , , , , , , , 
-1,1977,10,8,21,6,55,13.328,124.436,5.95,31, A,691581,63.8,6.3,4.4,10.5, C,0.1, A, d,1.04,18,    gcmt,-1,0.29,0.08,0.18,0.18,0.92,39,90,161,129,71,0, BDC
-1,1977,11,8,3,47,23,12.381,124.072,5.73,35, B,690062,59.2,7.3,4.6,8, C,0.54, C, p, , , , , , , , , , , , , , , , 
-1,1977,11,27,2,19,53,11.825,125.675,6.03,27, B,691006,66.8,6.8,4.2,3.9, A,0.1, A, d,1.35,18,    gcmt,-1.19,0.71,1.05,-0.07,0.25,0.14,353,61,93,166,29,84, BDC
-1,1977,12,14,8,47,53,10.072,125.296,5.79,220, A,689082,55.6,6.6,4.5,5.1, A,0.1, A, d,5.94,17,    gcmt,-5.18,-0.09,0.16,-0.56,2.98,5.02,300,86,4,210,86,176, BDC
-1,1978,7,14,17,12,55,12.161,123.928,5.54,10, B,679367,73.5,10.8,6.5,11.9, C,0.41, C, p, , , , , , , , , , , , , , , , 
-1,1978,9,14,19,55,40,10.802,126.038,5.25,25, B,676745,62.7,9.4,5.8,15.9, C,0.1, A, d,9.37,16,    gcmt,-4.64,6.31,4.51,-4.44,2.98,0.13,169,18,112,325,73,83, BDC
-1,1978,9,14,20,48,39,10.641,125.994,5.6,15, A,676746,70.4,12.2,9.1,19.6, C,0.41, C, p, , , , , , , , , , , , , , , , 
-1,1979,2,23,22,36,33,12.819,124.591,5.83,25, A,670170,59.9,6.1,4.4,3.9, A,0.1, A, d,6.85,17,    gcmt,-3.29,-0.23,-0.37,-1.22,5.78,3.67,286,86,9,195,81,176, BDC
-1,1979,3,21,16,28,32,10.107,126.336,5.49,18, B,668650,74.3,9.8,6.2,3.8, A,0.1, A, d,2.08,17,    gcmt,-0.88,1.77,0.93,0.64,0.02,-0.05,17,78,97,166,14,60, BDC
-1,1979,5,1,0,39,33,9.422,125.578,6.18,14, A,664363,59.7,5.5,3.7,3.6, A,0.1, A, d,2.32,18,    gcmt,-1.03,-1.07,0.3,-0.84,-1.8,0.73,78,79,-157,344,68,-12, BDC
-1,1979,5,1,10,46,60,9.431,125.705,5.42,14, B,664388,60.6,7.8,4.9,16.1, C,0.1, A, d,1.67,17,    gcmt,0.88,1.18,-1.1,-0.54,-0.33,0.21,340,20,-86,156,70,-91, BDC
-1,1979,5,12,0,56,59,11.915,125.484,5.02,35, B,664945,65.6,9,5,4.7, A,0.1, A, d,4.26,16,    gcmt,-1.59,-1.63,3.89,-1.69,-1.23,-2.29,55,28,95,229,62,87, BDC
-1,1979,10,5,1,2,57,9.825,126.388,5.58,35, B,656618,73,7.7,4.8,4.5, A,0.1, A, d,2.92,17,    gcmt,-2.21,2.01,1.77,-0.26,0.77,0.44,352,67,97,155,24,75, BDC
-1,1979,10,5,2,12,58,9.848,126.337,5.4,44, B,656619,78.3,8.8,5.2,6, A,0.1, A, d,1.57,17,    gcmt,-1.49,0.71,1.05,-0.39,0.5,0.44,185,32,118,333,62,74, BDC
-1,1980,6,9,12,42,4,9.731,126.648,6.07,25, A,643240,59.2,5.6,3.8,4, A,0.1, A, d,1.54,18,    gcmt,-1.03,1.19,0.87,0.06,0.23,0.17,1,71,99,155,21,66, BDC
-1,1980,6,15,8,3,46,9.815,126.519,6.07,30, A,643630,65.5,6,4.5,3.9, A,0.1, A, d,1.55,18,    gcmt,-1.01,1.16,0.91,0.35,0.11,0.1,12,71,103,157,22,57, BDC
-1,1980,6,18,18,15,46,9.516,126.492,5.51,25, B,643833,74.9,9.8,6,5, A,0.6, C, p, , , , , , , , , , , , , , , , 
-1,1980,6,19,14,14,54,9.393,126.521,5.85,29, B,643908,79.3,7.3,4.3,3.9, A,0.1, A, d,7.36,17,    gcmt,-4.83,5.63,4.13,1.49,0.05,0.71,12,72,99,164,21,64, BDC
-1,1980,10,26,5,14,20,11.73,125.537,6.35,34, A,637738,57.8,4.9,3.6,4, A,0.1, A, d,4.16,18,    gcmt,-2.4,2.87,2.14,1.99,0.33,0.26,25,75,109,152,24,39, BDC
-1,1981,2,13,11,8,36,9.516,126.598,5.91,40, A,631221,66.2,5.7,4.2,4.9, A,0.1, A, d,9.08,17,    gcmt,-7.78,4.54,5.47,3.11,2.08,2.31,17,67,122,139,39,39, BDC
-1,1981,3,13,15,15,55,11.644,125.541,5.31,54, B,629805,72.6,8.5,4.6,5.2, A,0.1, A, d,1.18,17,    gcmt,-1.26,0.52,0.83,0.09,0.12,0.43,161,34,68,7,59,104, BDC
-1,1981,7,4,2,38,17,10.199,124.904,5.44,50, A,623041,65.6,6.8,4.6,4.9, A,0.1, A, d,1.8,17,    gcmt,-1.75,0.27,1.47,-0.6,-0.39,0.28,213,47,124,348,53,59, BDC
-1,1981,9,4,11,15,15,9.986,123.915,6.61,635, B,610957,61.1,5.2,3.2,6.5, A,0.1, A, d,10.23,18,    gcmt,9.96,-0.75,-8.05,-4.24,1.48,-1.91,31,55,-57,163,47,-128, BDC
-1,1982,1,14,11,36,5,10.009,124.194,5.72,595, B,605547,60.8,6.4,4.1,6.3, A,0.1, A, d,4.64,17,    gcmt,2.28,2.5,-2.38,-1.57,2.74,0.1,179,67,-133,67,47,-32, BDC
-1,1983,2,13,15,10,12,11.456,126.187,5.56,17, B,582782,59.8,7.7,4.7,6.1, A,0.2, B, p, , , , , , , , , , , , , , , , 
-1,1983,2,19,20,14,24,8.688,123.981,5.97,566, B,583193,60.7,5.9,3.4,6.8, A,0.1, A, d,11.05,17,    gcmt,8.05,-8.9,-4.26,-0.13,2.34,-3.8,357,73,-104,218,21,-52, BDC
-1,1983,9,26,9,41,22,11.015,126.142,5.55,23, B,569064,71.1,8.5,5.1,5.5, A,0.55, C, p, , , , , , , , , , , , , , , , 
-1,1983,11,9,3,13,9,11.281,126.118,5.41,18, A,564573,67.6,6.2,4.4,5.4, A,0.1, A, d,1.63,17,    gcmt,-1.41,0.4,1.09,0.57,0.73,0.32,130,51,43,9,58,132, BDC
-1,1984,1,24,16,22,23,12.383,123.829,5.84,14, A,561691,53.2,5.1,4.1,3.4, A,0.1, A, d,7.09,17,    gcmt,-7.06,-0.02,0.18,0.17,-1.26,6.89,50,89,179,140,89,1, BDC
-1,1984,6,9,11,6,56,11.77,125.91,5.23,25, A,550568,75.7,6,4.3,4.6, A,0.1, A, d,8.95,16,    gcmt,-7.55,5.15,7.04,0.45,0.3,0.51,173,28,82,2,63,94, BDC
-1,1984,6,19,18,55,57,11.796,125.683,5.49,45, B,551192,68,6.5,4,5.3, A,0.1, A, d,2.15,17,    gcmt,-1.78,1.34,1.55,-0.18,0.13,0.23,354,64,88,179,26,95, BDC
-1,1984,8,20,1,12,34,12.957,124.693,5.33,73, B,547206,65.7,6.9,4.4,6.7, A,0.1, A, d,12.34,16,    gcmt,-2.39,2.55,-3.17,-9.91,4.94,5.56,206,31,-163,101,81,-60, BDC
-1,1984,9,26,1,39,15,12.136,122.724,5.62,28, B,545239,62.1,6.4,4,3.9, A,0.1, A, d,3.29,17,    gcmt,-0.95,-3.07,1.19,-0.2,-0.44,-0.23,185,80,84,39,12,123, BDC
-1,1984,11,9,2,54,55,10.359,125.196,5.6,18, A,538703,66.7,6.1,4.2,3.9, A,0.2, B, p, , , , , , , , , , , , , , , , 
-1,1984,11,11,23,7,26,10.327,125.281,5.59,25, B,538917,64.3,6.6,4.1,3.8, A,0.1, A, d,3.02,17,    gcmt,-1.54,-0.03,-0.92,1.61,1.68,2.47,291,84,-33,24,57,-173, BDC
-1,1984,11,12,1,6,24,10.5,125.209,5.54,14, B,538925,62.3,6.6,4.2,4, A,0.1, A, d,2.47,17,    gcmt,-2.05,-0.58,-0.58,-0.03,-0.32,2.63,317,77,-14,51,77,-166, BDC
-1,1984,11,23,21,29,29,12.039,126.526,5.47,29, A,539776,70.9,6.6,4.4,4.6, A,0.1, A, d,1.94,17,    gcmt,0.46,0.56,-0.85,-0.33,-1.85,0.39,179,86,-20,270,70,-176, BDC
-1,1985,3,11,12,26,11,10.451,125.561,5.56,88, B,529816,70.6,6.1,3.8,5.3, A,0.1, A, d,2.66,17,    gcmt,1.67,-2.2,-0.33,0.73,-0.03,-1.35,330,84,-118,229,28,-13, BDC
-1,1985,6,26,3,5,41,9.415,124.244,5.4,535, B,523511,65.4,7,4.3,6.5, A,0.1, A, d,1.56,17,    gcmt,1.31,0.05,-1.06,-1.06,0.13,-0.26,155,54,-135,35,55,-46, BDC
-1,1985,10,19,20,51,22,10.472,125.205,5.55,35, B,513923,68.8,8.7,5.5,15.1, C,0.33, C, p, , , , , , , , , , , , , , , , 
-1,1986,4,9,21,56,22,10.04,126.298,5.47,60, A,497890,72,6.9,4.7,5.2, A,0.2, B, p, , , , , , , , , , , , , , , , 
-1,1986,6,3,14,40,9,10.447,125.908,6.03,46, A,492386,60.4,5.4,3.7,4.9, A,0.1, A, d,1.38,18,    gcmt,-1.31,0.65,1.02,0.28,0.06,0.29,13,61,108,160,33,61, BDC
-1,1986,11,6,2,48,25,9.056,126.252,5.73,55, A,479973,69.6,6.1,4.2,5, A,0.1, A, d,4.79,17,    gcmt,-4.66,1.43,3.69,0.93,1.54,0.97,6,56,117,143,42,56, BDC
-1,1987,3,24,3,49,36,11.332,125.474,5.52,69, B,472872,73.7,7.8,4.8,5.5, A,0.27, C, p, , , , , , , , , , , , , , , , 
-1,1987,4,17,0,12,27,8.974,123.977,5.11,558, B,469354,62.3,8.6,5.1,17.5, C,0.1, A, d,5.79,16,    gcmt,3.61,-0.41,-4.85,-3.09,2.28,1.24,193,37,-124,53,60,-67, BDC
-1,1987,6,6,18,40,30,10.759,126.156,6.44,16, A,463748,64.9,5.4,3.6,3.5, A,0.1, A, d,5.66,18,    gcmt,-3.3,4.58,3.28,-0.09,0.49,0.02,358,72,94,166,18,79, BDC
-1,1987,6,7,22,48,21,10.632,126.241,5.52,30, A,463833,56.3,8,6.3,6.6, A,0.25, B, p, , , , , , , , , , , , , , , , 
-1,1987,6,14,5,7,32,10.422,126.267,6.2,35, A,464290,56.3,6.2,4.3,4.9, A,0.1, A, d,2.48,18,    gcmt,-1.6,1.92,1.49,0.29,-0.04,0.12,7,71,94,175,20,78, BDC
-1,1987,6,14,5,26,3,10.391,126.164,5.6,25, B,464293,73.7,10.2,5.7,4.5, A,0.23, C, p, , , , , , , , , , , , , , , , 
-1,1987,11,18,16,27,8,12.914,124.784,6.35,25, A,453237,62.4,5.1,3.6,3.9, A,0.1, A, d,4.13,18,    gcmt,-2.61,3.13,2.54,-0.41,0.67,0.07,351,70,93,161,20,81, BDC
-1,1987,12,11,23,27,34,11.297,125.46,5.16,58, B,450409,69.1,9.2,5.8,6, A,0.1, A, d,6.91,16,    gcmt,-7.95,1.05,5.57,0.57,0.59,2.38,166,42,74,7,50,104, BDC
-1,1988,2,24,8,44,38,13.289,124.501,5.25,30, B,446347,76.7,11,6,4.5, A,0.2, C, p, , , , , , , , , , , , , , , , 
-1,1988,8,7,19,24,47,10.219,125.593,5.12,116, B,428344,82,8.3,5.1,5.4, A,0.1, A, d,5.94,16,    gcmt,1.64,-3.91,-1.76,-4.32,-1.01,0.12,160,10,-153,43,86,-81, BDC
-1,1988,9,26,14,3,57,10.094,126.02,5.42,59, B,426186,71.5,8.3,5.2,6.1, A,0.1, A, d,1.72,17,    gcmt,-1.69,0.8,1.26,-0.3,0.12,0.43,192,32,113,345,61,76, BDC
-1,1988,11,17,6,55,48,12.405,124.559,6.59,17, A,420668,61.3,4.9,3.4,3.6, A,0.1, A, d,9.41,18,    gcmt,-6.3,3.85,-1.96,4.13,1.59,8.27,223,84,-141,128,51,-8, BDC
-1,1988,11,24,4,25,58,12.68,125.336,5.58,30, B,421170,66.6,9.8,5.4,5.1, A,0.44, C, p, , , , , , , , , , , , , , , , 
-1,1989,8,12,16,46,45,8.737,125.831,5.85,58, A,394916,61.5,5.7,3.8,4.8, A,0.1, A, d,7.42,17,    gcmt,-1.61,1.91,-6.12,-0.81,1.29,7.74,102,51,-62,242,47,-120, BDC
-1,1989,9,15,15,36,39,9.968,126.448,5.1,25, B,392538,64.1,12.3,6.5,14.5, C,0.1, A, d,5.64,16,    gcmt,-4.98,-0.35,4.07,-2.81,-1.65,0.91,348,46,46,222,59,126, BDC
-1,1989,10,2,7,55,41,10.6,126.947,5.29,15, B,388525,69.2,8.2,5.1,4, A,0.1, A, d,10.78,16,    gcmt,7.97,5,-7.14,-5.36,-2.2,-0.84,9,30,-50,144,68,-110, BDC
-1,1989,10,7,13,21,4,12.109,125.571,5.21,26, B,388918,66.1,9.4,5.1,4.6, A,0.1, A, d,8.19,16,    gcmt,-3.2,-0.42,1.5,4.42,-6.3,1.71,173,58,13,76,79,147, BDC
-1,1989,11,14,17,39,35,10.082,126.451,5.32,28, B,386945,66.1,8.6,4.9,322.7, A,0.1, A, d,12.23,16,    gcmt,-0.24,9.99,2.12,6.46,-2.03,-1.87,266,9,142,33,84,83, BDC
-1,1989,12,8,10,23,13,10.108,126.527,6.14,24, A,383295,61.9,6.1,4.1,3.8, A,0.1, A, d,1.98,18,    gcmt,-1.65,0.92,1.34,-0.88,-0.02,0.31,335,66,64,205,35,135, BDC
-1,1989,12,10,1,18,47,12.674,125.041,5.54,32, B,383424,72.3,10.4,5.6,4.9, A,0.27, C, p, , , , , , , , , , , , , , , , 
-1,1990,1,13,3,32,17,12.724,125.013,5.16,30, B,381077,67,8.6,5.6,4.9, A,0.1, A, d,6.82,16,    gcmt,-4.11,3.48,4.92,-3.08,2,-0.8,166,25,110,324,67,81, BDC
-1,1990,2,8,7,15,34,9.817,124.719,6.73,25, B,377912,63.1,6.1,3.9,3.8, A,0.1, A, d,1.55,19,    gcmt,-0.47,0.19,1.54,0.43,-0.56,-1.07,61,54,92,237,36,87, BDC
-1,1990,2,8,7,47,1,9.703,124.719,6.57,25, A,377915,62.6,7.5,5.1,4, A,0.1, A, d,8.77,18,    gcmt,-2.45,2.19,7.99,2.51,-3.96,-5.54,53,56,87,238,34,94, BDC
-1,1990,3,26,22,47,19,9.367,125.706,5.88,35, A,376763,64.3,6.2,4.3,4.8, A,0.1, A, d,8.03,17,    gcmt,-4.65,-2.09,2.33,-3.07,-6.29,2.33,252,85,151,345,61,5, BDC
-1,1990,7,16,10,12,58,9.291,125.604,5.52,19, B,362911,71.5,9.1,5.6,3.8, A,0.22, C, p, , , , , , , , , , , , , , , , 
-1,1990,7,23,18,2,54,11.393,122.477,5.56,18, A,363809,61.7,6.4,4.6,3.6, A,0.1, A, d,2.73,17,    gcmt,-2.16,0.62,0.43,-0.97,1.52,1.73,297,87,26,206,64,176, BDC
-1,1991,1,28,9,6,38,10.653,125.754,5.42,51, B,345658,70.7,7.1,4.3,5.4, A,0.1, A, d,1.69,17,    gcmt,-0.9,1.16,0.81,0.76,-0.48,0.09,186,19,65,33,73,98, BDC
-1,1991,4,23,2,50,22,12.925,123.344,5.54,25, A,336283,44.3,9.1,6.3,3.8, A,0.2, B, p, , , , , , , , , , , , , , , , 
-1,1991,5,6,0,10,24,10.313,125.143,5.65,12, B,331218,69.3,7.5,4.9,3.7, A,0.1, A, d,3.62,17,    gcmt,-2.63,-0.07,-0.8,1.86,1.15,3.43,124,86,24,32,66,176, BDC
-1,1991,5,6,0,26,15,10.382,125.248,5.74,30, B,331220,60.8,8.5,4.4,4.6, A,0.2, B, p, , , , , , , , , , , , , , , , 
-1,1991,5,8,18,0,29,10.374,125.268,5.45,20, A,331542,69.8,6,4.1,3.9, A,0.1, A, d,1.88,17,    gcmt,-1.55,0.4,-0.5,-0.11,-0.2,2.06,229,75,-169,136,79,-15, BDC
-1,1991,5,27,6,33,5,10.432,125.308,5.36,30, B,333520,64.8,7,4.6,4.5, A,0.1, A, d,1.4,17,    gcmt,-1.11,0.11,-0.24,0.38,0.56,1.36,124,80,8,32,83,170, BDC
-1,1991,6,15,23,2,13,10.223,125.962,6.07,45, A,329192,62.3,5.4,3.8,4.8, A,0.1, A, d,1.56,18,    gcmt,-1.48,0.46,1.49,0.01,-0.05,-0.01,2,54,90,182,36,91, BDC
-1,1991,12,18,21,43,49,9.265,124.11,5.5,513, B,310985,68.9,7.2,4.3,8.2, A,0.1, A, d,2.17,17,    gcmt,1.74,0.42,-0.01,-0.93,0.86,-1.73,150,79,-159,56,69,-12, BDC
-1,1992,4,28,9,31,23,8.919,124.09,5.36,571, A,297704,70.6,6.7,4.7,6.9, A,0.1, A, d,1.4,17,    gcmt,0.31,-1.09,-0.4,0.83,0.19,0.08,203,9,-33,326,85,-98, BDC
-1,1992,4,29,11,26,7,10.361,125.08,5.42,24, A,297845,72.1,6.9,4.8,4, A,0.1, A, d,1.72,17,    gcmt,-1.04,0.56,-0.53,0.86,0.55,1.57,124,51,-10,220,82,-141, BDC
-1,1992,5,20,11,43,5,12.628,125.58,5.44,17, A,292326,76.9,6.4,4.5,5.1, A,0.1, A, d,1.83,17,    gcmt,-0.73,1.18,0.99,0.71,0.93,-0.25,114,43,33,359,69,128, BDC
-1,1992,5,21,21,56,14,11.129,122.497,5.38,33, B,292562,52.8,8.2,4.8,6.4, A,0.1, A, d,1.47,17,    gcmt,-0.73,-1.31,0.37,0.2,0.38,0.37,315,15,52,174,78,99, BDC
-1,1992,6,12,4,56,60,10.953,126.726,5.2,32, B,286690,73.2,6.9,4.5,5, A,0.1, A, d,7.88,16,    gcmt,5.14,1.83,-5.84,-2.71,-4.92,0.7,345,36,-63,133,59,-108, BDC
-1,1992,7,31,14,2,56,10.155,126.231,5.32,45, B,285086,72.4,6.8,4.2,6.8, A,0.1, A, d,1.2,17,    gcmt,-0.84,0.31,1.36,-0.15,0.18,-0.52,156,37,91,335,53,90, BDC
-1,1993,4,15,19,43,43,10.316,125.942,5.17,48, B,238770,74.4,9.3,5.2,5.3, A,0.1, A, d,7.07,16,    gcmt,-3.67,3.8,0.15,0.68,4.74,3.52,108,57,-2,198,89,-147, BDC
-1,1993,5,4,6,48,25,9.625,125.259,5.15,35, B,230822,75.2,7.6,4.9,4.9, A,0.1, A, d,6.59,16,    gcmt,-3.21,-2.66,6.03,2.42,1.99,-2.81,318,28,90,138,62,90, BDC
-1,1993,5,17,2,8,39,11.102,124.938,5.67,25, B,232813,68.5,6.6,4.2,3.8, A,0.1, A, d,3.9,17,    gcmt,-2.7,1.93,-0.82,1.05,0.33,3.53,226,79,-145,128,55,-13, BDC
-1,1993,6,3,20,16,26,9.597,126.521,5.59,35, B,226222,72.2,7.1,4.6,4.7, A,0.1, A, d,2.97,17,    gcmt,-2.48,1.77,2.27,0.17,-0.06,0.22,4,63,93,178,27,85, BDC
-1,1993,8,19,6,48,30,13.271,124.098,5.28,86, B,215113,61.8,7.4,4,6, A,0.1, A, d,10.52,16,    gcmt,-5.41,-6.1,-3.46,-0.22,3.76,8.87,294,57,-24,37,70,-145, BDC
-1,1993,10,24,5,53,32,11.321,125.449,5.61,54, B,204279,68.3,6,3.8,5, A,0.1, A, d,3.22,17,    gcmt,-2.69,1.62,2.59,0.83,0.24,0.11,12,62,107,159,32,61, BDC
-1,1993,11,25,21,45,24,12.32,125.948,5.57,13, B,199742,69,8.2,5.2,4.7, A,0.51, C, p, , , , , , , , , , , , , , , , 
-1,1993,11,29,20,28,46,10.306,126.491,5.8,33, B,200290,62.4,6.1,3.8,4, A,0.1, A, d,6.27,17,    gcmt,-3.72,5.03,3.63,-0.6,0.27,0.09,354,72,89,178,18,94, BDC
-1,1993,12,28,3,29,45,12.506,125.325,5.88,35, B,195289,71.8,7.1,4.2,4.9, A,0.1, A, d,8.21,17,    gcmt,-2.41,7.62,3.43,0.14,0.92,-1.02,359,79,96,147,12,59, BDC
-1,1993,12,28,4,35,23,12.443,125.274,5.18,22, B,195294,74,12.8,6,4.5, A,0.1, A, d,7.52,16,    gcmt,-5.61,3.25,5.2,-3.75,1.6,0.42,187,31,129,324,67,70, BDC
-1,1994,2,17,19,41,58,9.907,125.935,5.57,33, B,185914,61,7.5,4.3,3.9, A,0.1, A, d,2.78,17,    gcmt,-1.8,1.3,-0.74,0.67,0.72,2.54,221,78,-145,122,56,-15, BDC
-1,1994,6,9,16,22,25,13.287,124.314,6.13,82, A,168536,60.8,5.1,3.5,5, A,0.1, A, d,1.91,18,    gcmt,0.65,0.64,-0.39,-0.93,1.46,-0.26,76,68,-26,177,66,-156, BDC
-1,1994,7,5,10,9,24,10.56,125.263,5.83,20, B,163304,64.4,6.4,3.9,3.6, A,0.1, A, d,6.75,17,    gcmt,-5.82,1.58,-1.27,0.8,-0.19,7.1,227,81,-164,135,74,-9, BDC
-1,1995,1,6,21,59,31,9.28,126.274,5.77,35, B,123051,68.9,6.8,4.4,4.5, A,0.1, A, d,5.63,17,    gcmt,-5.52,1.52,4.8,1.52,-0.38,0.73,19,56,110,167,39,64, BDC
-1,1995,4,6,20,47,52,10.871,125.974,5.31,41, B,108185,67.5,8.7,5.5,5.4, A,0.1, A, d,11.73,16,    gcmt,-8.67,8.01,8.04,-1.65,0.89,0.64,180,23,99,350,67,86, BDC
-1,1995,4,21,0,2,51,12.009,125.692,5.98,27, B,110144,65.9,7.9,5.1,3.8, A,0.1, A, d,1.14,18,    gcmt,0.57,1.05,-0.15,0.18,0.01,-0.42,194,81,-80,323,13,-140, BDC
-1,1995,4,21,0,9,57,12.089,125.748,6.85,27, B,110145,59.6,5.9,3.9,3.8, A,0.1, A, d,2.34,19,    gcmt,-1.12,2.01,1.16,0.03,0.34,-0.03,358,75,98,150,17,62, BDC
-1,1995,4,21,0,30,15,11.989,125.634,6.81,27, A,110153,63.1,7.3,5.3,3.9, A,0.1, A, d,2,19,    gcmt,-1.29,1.44,1.11,0.61,0.32,0.18,14,72,110,145,26,43, BDC
-1,1995,4,21,0,34,50,12.085,125.603,7.15,24, A,110154,59,7.1,5,3.9, A,0.1, A, d,6.58,19,    gcmt,-4.1,5.01,4.08,0.74,0.95,0.02,3,71,101,153,22,61, BDC
-1,1995,4,21,2,23,15,12.233,125.591,5.5,25, B,110207,63.9,11.2,6.7,5.2, A,0.38, C, p, , , , , , , , , , , , , , , , 
-1,1995,4,21,5,17,4,12.047,125.81,6.81,24, A,110249,59.4,6.4,4.2,3.6, A,0.1, A, d,2.01,19,    gcmt,-0.97,1.68,1.13,-0.17,0.27,-0.15,352,74,94,157,17,75, BDC
-1,1995,4,21,17,3,18,12.032,125.958,5.58,27, B,110363,66.9,7.4,4.8,6.1, A,0.2, B, p, , , , , , , , , , , , , , , , 
-1,1995,4,21,19,49,37,11.756,125.822,5.4,18, B,110386,61.5,12.7,6.9,9.3, A,0.1, A, d,1.56,17,    gcmt,0.09,1.52,0.13,-0.32,-0.24,-0.22,262,6,-178,170,90,-84, BDC
-1,1995,4,22,11,18,28,11.861,125.906,5.63,27, B,110504,63.8,7.6,4.7,3.8, A,0.1, A, d,3.4,17,    gcmt,-2.43,2.31,2.41,0.08,0.61,0.02,357,67,99,156,25,70, BDC
-1,1995,4,23,5,8,5,12.37,125.389,6.73,30, A,110650,58.8,5.4,3.8,3.8, A,0.1, A, d,1.53,19,    gcmt,-0.86,1.18,0.85,0.09,0.45,0.02,359,72,107,135,25,49, BDC
-1,1995,4,23,7,21,21,12.375,125.588,5.47,20, B,110687,63.7,8.3,5.1,4.7, A,0.24, B, p, , , , , , , , , , , , , , , , 
-1,1995,4,23,14,7,53,12.296,125.664,5.32,15, B,110758,69.2,7.9,5,4, A,0.1, A, d,12.17,16,    gcmt,-6.44,7.32,6.72,-6.74,2.41,-0.28,178,20,124,322,73,78, BDC
-1,1995,4,23,20,28,51,12.353,125.389,5.27,32, A,110809,65.5,7.7,5.2,4.8, A,0.1, A, d,10.06,16,    gcmt,-4.79,6.51,6.04,5.72,3.13,-1.25,135,32,35,14,73,117, BDC
-1,1995,4,24,6,8,9,12.231,125.76,5.42,18, B,110873,67.5,7,4.4,4.8, A,0.1, A, d,1.68,17,    gcmt,-0.74,1.24,0.66,-0.87,0.17,0.08,189,16,131,327,78,80, BDC
-1,1995,4,24,17,4,49,12.531,125.425,5.7,31, B,110936,65.8,7,4.5,3.8, A,0.1, A, d,4.42,17,    gcmt,-2.7,3.1,2.63,0.37,1.64,0.07,358,69,112,130,29,46, BDC
-1,1995,4,25,9,12,49,12.374,125.311,5.61,24, B,111020,64.7,6.2,4,3.8, A,0.1, A, d,3.24,17,    gcmt,-0.21,-0.35,-2.27,2.17,-0.09,2.49,277,66,-85,86,24,-100, BDC
-1,1995,4,29,9,44,1,11.899,126.023,6.01,20, A,111657,66.5,6,4.1,3.6, A,0.1, A, d,12.89,17,    gcmt,-8.13,8.46,9.26,-1.75,3.89,-1.13,344,66,97,147,25,74, BDC
-1,1995,4,29,13,58,33,11.742,125.952,5.34,15, B,111689,72.8,11.9,7.2,5.4, A,0.1, A, d,1.29,17,    gcmt,-0.41,1.23,0.34,-0.07,0.06,0.08,169,9,82,357,81,91, BDC
-1,1995,5,5,3,53,50,12.563,125.213,7.04,24, A,102159,69.6,5.6,3.9,3.9, A,0.1, A, d,4.53,19,    gcmt,-1.96,3.91,2.18,-0.5,0.84,-0.22,351,76,97,145,16,65, BDC
-1,1995,5,5,4,39,12,12.586,125.191,6.21,25, A,102170,66.1,7.6,5.2,3.8, A,0.23, C, p, , , , , , , , , , , , , , , , 
-1,1995,5,8,18,5,12,11.459,125.977,5.59,30, A,102775,68.1,9.5,6.3,4.8, A,0.41, C, p, , , , , , , , , , , , , , , , 
-1,1995,5,8,18,7,32,11.45,125.929,5.43,35, B,102776,70,10.6,6.5,4.7, A,0.36, C, p, , , , , , , , , , , , , , , , 
-1,1995,5,8,18,8,10,11.378,125.813,6.37,19, A,102777,62.4,8.1,5.5,5, A,0.1, A, d,4.52,18,    gcmt,-2.33,3.8,2.4,0.22,0.58,-0.07,153,18,64,0,74,98, BDC
-1,1995,5,10,23,21,31,11.515,126.126,5.13,18, B,103087,68.9,8.1,5.3,6.2, A,0.1, A, d,6.34,16,    gcmt,-3.26,4.82,4.96,-0.13,0.23,-1.69,172,20,85,357,70,92, BDC
-1,1995,5,11,21,17,16,12.685,125.336,5.25,35, B,103197,74.1,10.4,5.8,6.1, A,0.1, A, d,9.37,16,    gcmt,-1.13,8.54,3.33,-2.26,1.53,-2.2,113,13,42,342,81,100, BDC
-1,1995,5,15,20,4,10,11.11,126.242,5.28,10, B,104054,63.9,6.8,4.3,3.8, A,0.1, A, d,10.56,16,    gcmt,-4.77,8.93,5.89,-1.51,0.92,-1.11,165,16,85,350,75,91, BDC
-1,1995,5,17,19,7,27,12.707,125.175,5.39,22, B,104587,77.2,10.1,6,6.1, A,0.1, A, d,1.55,17,    gcmt,-0.61,1.19,0.63,-0.76,0.15,-0.01,182,14,122,329,78,83, BDC
-1,1995,5,17,19,33,48,12.522,125.715,5.59,31, A,104592,61.6,6.6,4.5,3.7, A,0.1, A, d,2.97,17,    gcmt,-0.8,2.02,1.22,-1.68,0.93,-0.42,320,76,90,142,14,92, BDC
-1,1995,5,22,9,47,16,11.532,125.646,5.14,33, B,105433,75.5,10.3,5.3,5, A,0.1, A, d,6.48,16,    gcmt,-4.21,4.17,5.34,0.93,1.06,-1.12,154,28,66,0,65,102, BDC
-1,1995,5,22,19,26,57,11.655,125.54,5.22,26, B,105516,67.7,10.4,6.3,4.5, A,0.1, A, d,8.6,16,    gcmt,-4.35,6.95,4.65,0.61,2.22,-0.3,136,22,49,359,73,105, BDC
-1,1995,5,24,20,21,26,12.34,125.658,5.86,23, B,105884,63.4,6.1,4,3.8, A,0.1, A, d,7.61,17,    gcmt,-2.69,6.13,-0.23,3.51,0.69,2.93,213,90,-112,123,22,0, BDC
-1,1995,6,7,20,59,45,11.891,125.821,5.17,22, B,97554,64.4,11.3,7.2,4.7, A,0.1, A, d,7.11,16,    gcmt,-0.42,6.53,1.73,2.32,-0.72,-1.3,250,8,139,21,84,84, BDC
-1,1995,6,11,19,20,53,11.832,125.95,5.62,32, B,98185,72.3,7,4.3,3.9, A,0.1, A, d,3.3,17,    gcmt,-2.08,2.37,2.37,-0.52,0.03,-0.28,351,69,85,185,22,103, BDC
-1,1995,7,12,18,38,53,12.352,125.108,5.84,39, A,93473,62.1,5.8,3.9,5, A,0.1, A, d,7.06,17,    gcmt,-4.61,4.35,5.71,2.24,0.68,-1.1,12,67,104,160,27,60, BDC
-1,1995,8,8,0,35,26,11.887,125.919,5.3,31, B,87913,68.4,7.8,4.2,4.9, A,0.1, A, d,11.18,16,    gcmt,-9.21,5.63,9.31,-2.69,-0.79,-0.1,198,32,116,349,62,75, BDC
-1,1995,8,8,6,34,56,11.88,125.787,5.3,32, B,87948,68.3,8.1,4.7,5.2, A,0.1, A, d,1.14,17,    gcmt,-0.48,1.01,0.53,0.09,0.17,-0.05,146,16,55,2,77,99, BDC
-1,1995,11,21,12,45,1,12.066,125.685,5.28,24, B,70184,69.7,11.6,5.5,4.7, A,0.1, A, d,10.37,16,    gcmt,-3.91,9.99,1.47,0.71,-0.39,2.44,181,8,87,4,82,90, BDC
-1,1995,11,25,20,4,30,9.726,126.32,5.59,35, A,71495,72.6,7.9,5.3,4.7, A,0.1, A, d,2.97,17,    gcmt,-2.15,1.98,2.25,-0.11,0.18,-0.1,356,66,91,174,24,88, BDC
-1,1996,1,2,18,9,18,9.209,126.287,5.15,70, B,939892,73.3,8.4,5,6.1, A,0.1, A, d,6.62,16,    gcmt,-5.6,1.22,5.09,3.24,1.9,0.51,138,50,50,11,54,128, BDC
-1,1996,1,29,13,6,28,11.276,125.448,5.14,91, B,944650,70.1,8,5,5.1, A,0.1, A, d,6.56,16,    gcmt,-6.22,1.11,5.7,2.43,0.52,0.52,156,44,58,17,54,117, BDC
-1,1996,3,29,4,59,58,10.424,126.277,5.52,27, B,955916,70.1,7.3,4.4,5.4, A,0.1, A, d,2.35,17,    gcmt,-1.86,1.08,2.12,0.06,-0.61,-0.26,12,59,83,205,32,101, BDC
-1,1996,4,6,4,4,35,10.216,126.097,5.11,30, B,957378,68.9,10,5.7,4.6, A,0.1, A, d,5.86,16,    gcmt,-4.12,3.72,4.85,-0.62,0.08,-0.72,182,25,97,354,65,87, BDC
-1,1996,4,18,6,12,60,12.907,124.956,5.82,33, B,959503,61.3,6.8,4,3.9, A,0.1, A, d,6.57,17,    gcmt,-3.88,4.5,4.55,-0.86,2.03,-0.66,345,67,99,143,24,70, BDC
-1,1996,5,27,5,45,29,9.975,124.2,5.19,28, B,966203,68.8,7.5,4.8,4.5, A,0.1, A, d,7.75,16,    gcmt,-2.57,5.26,5.46,-3.45,-2.92,-2.89,247,42,139,10,64,55, BDC
-1,1996,5,31,10,15,24,10.93,125.408,5.17,103, B,966863,65.5,7.9,4.6,6, A,0.1, A, d,7.27,16,    gcmt,-0.39,-7.19,-0.87,0.99,0.66,1.27,254,4,-9,353,89,-93, BDC
-1,1996,6,11,18,22,58,12.712,125.22,7.06,32, B,969275,58.3,5.8,3.5,4, A,0.1, A, d,4.86,19,    gcmt,-2.85,3.68,3.06,0.13,1.13,-0.21,356,70,102,144,23,60, BDC
-1,1996,6,12,0,30,16,12.829,125.389,5.47,25, B,969338,70.7,9.4,6.1,5, A,0.1, A, d,1.96,17,    gcmt,-0.41,0.94,1.57,-0.61,0.77,-1.16,316,63,103,109,30,66, BDC
-1,1996,6,14,15,4,42,12.853,124.941,6.08,20, B,969806,56.5,5.6,3.2,3.8, A,0.1, A, d,1.6,18,    gcmt,-0.36,0.46,-1.13,-0.27,0.74,1.49,98,55,-50,222,51,-133, BDC
-1,1996,6,26,0,21,31,12.943,124.846,5.29,62, B,972047,63.5,9.5,5.4,8.4, A,0.1, A, d,10.87,16,    gcmt,8.58,-4.08,-7.71,-5.56,1.97,-0.87,169,34,-131,36,65,-66, BDC
-1,1996,7,1,4,52,12,12.607,125.542,5.48,15, A,973003,63.5,6.1,4.2,4.8, A,0.1, A, d,2.06,17,    gcmt,-1.03,1.6,1.33,-0.31,0.4,-0.29,346,71,95,150,20,75, BDC
-1,1996,8,8,10,28,50,12.054,125.734,5.23,24, B,979556,71.1,7.9,4.5,4.5, A,0.1, A, d,8.83,16,    gcmt,-3.59,7.17,4.18,2.94,2.25,-0.58,133,23,34,11,77,109, BDC
-1,1996,8,8,23,12,37,11.997,125.79,5.78,30, B,979648,69.1,6.6,3.9,3.7, A,0.1, A, d,5.66,17,    gcmt,-3.49,4.53,3.2,-0.53,0.1,0.3,354,72,87,183,18,99, BDC
-1,1996,9,18,5,29,5,9.578,126.294,5.69,30, B,986923,66.9,7.9,4.9,3.9, A,0.1, A, d,4.29,17,    gcmt,-3.32,2.43,3.68,0.43,0.28,-0.35,3,63,97,168,28,77, BDC
-1,1996,9,20,0,3,20,9.568,126.277,6.39,30, B,987206,70.1,6,3.8,3.8, A,0.1, A, d,4.78,18,    gcmt,-3.57,3.19,3.37,0.76,0.15,0.21,8,67,99,166,25,70, BDC
-1,1996,9,20,4,10,29,9.482,126.287,6.52,30, B,987230,62.1,6.1,3.6,3.8, A,0.1, A, d,7.51,18,    gcmt,-5.68,4.91,5.01,1.81,0.42,0.67,13,68,105,158,26,58, BDC
-1,1996,9,20,4,11,6,9.401,126.28,6.61,30, B,987231,76.7,14.3,8.1,17.1, C,0.1, A, d,10,18,    gcmt,-0.37,-9.75,-0.51,-2.22,-0.42,0.88,13,90,-89,105,1,-178, BDC
-1,1996,9,20,19,24,58,9.5,126.613,5.77,28, B,987366,69.4,7.4,4.6,3.9, A,0.1, A, d,5.61,17,    gcmt,-4.71,3.5,4.07,-0.07,-0.07,0.64,359,64,89,182,26,93, BDC
-1,1996,9,20,21,25,23,9.628,126.574,5.89,36, B,987389,69.5,7.8,5,4.7, A,0.2, B, p, , , , , , , , , , , , , , , , 
-1,1996,9,21,0,40,31,9.508,126.601,5.25,28, B,987422,73.5,9.9,5.7,3.9, A,0.1, A, d,9.57,16,    gcmt,-9.78,2.08,8.11,-2.38,0.53,1.68,194,41,116,341,54,69, BDC
-1,1996,9,25,9,26,47,9.774,126.551,5.8,37, B,988105,71,7.8,4.3,4.8, A,0.1, A, d,6.24,17,    gcmt,-4.88,3.98,4.6,-0.54,-0.56,0.28,357,65,82,196,26,107, BDC
-1,1996,9,26,3,45,28,9.709,126.746,5.35,22, B,988249,69.6,7.1,4.6,4.9, A,0.1, A, d,1.32,17,    gcmt,-1.43,0.48,0.87,-0.25,-0.12,0.56,211,41,133,341,61,60, BDC
-1,1996,9,28,14,10,43,10.166,125.393,6.3,225, B,988680,60.2,6,3.7,5, A,0.1, A, d,3.51,18,    gcmt,-2.19,-0.53,-0.3,-0.17,2.56,2.49,21,88,-171,291,81,-2, BDC
-1,1996,10,2,9,48,3,11.842,125.647,6.38,25, B,989259,62.1,6.1,3.7,3.7, A,0.1, A, d,4.64,18,    gcmt,-3.25,3.21,3.13,0.87,0.58,0.12,8,68,104,154,25,59, BDC
-1,1996,10,23,11,27,54,9.944,126.242,5.53,26, B,993316,72.4,8.6,5.1,4.6, A,0.1, A, d,2.43,17,    gcmt,-2.29,0.91,2.06,0.5,-0.29,0.23,17,58,102,175,34,72, BDC
-1,1996,10,31,18,18,45,9.971,126.49,5.5,37, B,994768,59.5,7.4,4.3,6.2, A,0.42, C, p, , , , , , , , , , , , , , , , 
-1,1996,10,31,18,42,41,9.891,126.569,5.58,25, B,994776,72.2,11,5.8,4.7, A,0.1, A, d,2.88,17,    gcmt,-1.21,2.42,1.33,-0.75,0.45,-0.12,342,76,91,158,14,85, BDC
-1,1996,11,1,20,31,12,9.823,126.367,5.59,35, B,994981,67.6,8.5,5.2,4.6, A,0.1, A, d,2.99,17,    gcmt,-1.9,2.03,1.96,-0.96,0.41,-0.05,338,70,83,178,22,109, BDC
-1,1996,11,3,7,41,39,9.815,126.413,5.7,35, B,995232,65.4,7.4,4.3,4.6, A,0.1, A, d,4.39,17,    gcmt,-1.61,4,1.48,-0.9,0.26,0.14,347,80,88,177,11,100, BDC
-1,1996,11,4,5,15,18,9.749,126.355,5.28,25, B,995345,71.4,7,4.5,4.6, A,0.1, A, d,10.32,16,    gcmt,-8.5,0.14,9.62,3.98,2.99,-1.12,358,44,117,142,52,66, BDC
-1,1996,11,4,12,53,39,9.774,126.482,5.81,35, B,995400,66.6,7.1,4.2,3.9, A,0.1, A, d,6.47,17,    gcmt,-5.03,3.34,5.69,-0.5,1.23,-0.65,348,61,93,163,29,85, BDC
-1,1996,11,4,13,21,17,9.726,126.447,5.83,30, B,995406,61.5,7.2,4.2,3.8, A,0.2, B, p, , , , , , , , , , , , , , , , 
-1,1996,11,4,17,1,38,9.863,126.391,5.86,35, B,995438,67.4,7.8,4.4,3.9, A,0.1, A, d,7.57,17,    gcmt,-7.47,3.21,6.23,-0.08,-0.04,1.25,359,58,89,181,32,92, BDC
-1,1996,11,5,12,29,48,9.733,126.338,5.93,30, B,995590,65.5,6.6,4.1,3.7, A,0.1, A, d,9.71,17,    gcmt,-9.59,0.61,9.17,2.4,-0.35,0.42,16,49,109,168,45,70, BDC
-1,1996,11,5,16,31,26,9.862,126.629,5.5,26, B,995620,66.5,6.3,4.1,6.1, A,0.1, A, d,2.19,17,    gcmt,-1.98,1.04,1.68,-0.56,-0.12,0.3,346,62,71,202,33,121, BDC
-1,1996,11,6,6,31,44,9.763,126.497,5.37,20, B,995713,70.5,7.8,4.8,4.6, A,0.1, A, d,1.44,17,    gcmt,1.14,0.72,-1.15,-0.36,-0.35,0,352,29,-78,158,62,-97, BDC
-1,1996,11,6,6,38,56,9.836,126.463,5.6,15, B,995714,67.4,7,4.5,4, A,0.2, B, p, , , , , , , , , , , , , , , , 
-1,1996,11,7,6,10,18,9.822,126.375,6.07,30, B,995882,67.1,7.9,4.2,3.7, A,0.1, A, d,1.58,18,    gcmt,-1.22,1.01,1.14,0.24,0.03,0.09,8,66,99,168,26,72, BDC
-1,1996,11,7,10,34,34,9.84,126.506,5.19,35, B,995925,75.3,12.4,6.5,4.9, A,0.1, A, d,7.77,16,    gcmt,-9.49,-2.41,5.23,-0.23,-0.75,4.27,358,36,83,187,54,95, BDC
-1,1996,11,7,22,53,20,9.99,126.356,5.47,25, B,996022,71.6,7.7,4.3,4.7, A,0.1, A, d,1.98,17,    gcmt,-0.47,1.78,0.07,0.81,-0.35,0.4,25,85,93,171,6,56, BDC
-1,1996,11,9,12,43,35,9.876,126.14,5.49,25, B,996300,80.6,11,5.8,3.9, A,0.1, A, d,2.14,17,    gcmt,-0.9,1.9,0.79,-0.45,-0.17,0.12,349,79,80,210,15,131, BDC
-1,1996,11,9,12,48,2,9.967,126.297,5.29,28, B,996301,69.8,11.5,6.6,9.5, A,0.1, A, d,1.09,17,    gcmt,-1.01,-0.12,1.06,0.13,-0.26,-0.05,22,43,102,186,48,79, BDC
-1,1996,11,10,18,15,24,9.991,126.355,5.62,35, B,996497,71.2,8.7,4.8,4.8, A,0.1, A, d,3.27,17,    gcmt,-1.83,2.02,1.98,-1.65,0.48,-0.14,326,72,79,180,21,121, BDC
-1,1996,12,3,20,47,55,9.774,125.717,5.32,123, B,1000101,72.5,9.2,5.3,6.1, A,0.1, A, d,12.06,16,    gcmt,6.47,-8.47,-9.58,3.13,-0.25,3.1,175,21,-80,344,69,-94, BDC
-1,1996,12,9,19,47,16,9.981,126.54,5.36,16, B,1000995,75,10.1,6,4.7, A,0.1, A, d,1.37,17,    gcmt,-0.88,1.04,0.73,0.26,0.22,0.15,145,24,49,9,72,106, BDC
-1,1996,12,14,16,25,55,10.142,126.17,5.6,32, B,1001798,65.4,6.9,4.4,4.5, A,0.1, A, d,3.12,17,    gcmt,-0.52,3.04,0.55,0.42,0.03,-0.03,8,85,92,168,5,70, BDC
-1,1997,1,20,8,33,59,10.05,126.15,5.33,72, B,1007343,73.1,10.2,5.8,6.3, A,0.1, A, d,1.26,17,    gcmt,-1.2,0.54,0.85,0.41,-0.15,0.35,161,36,50,26,63,115, BDC
-1,1997,4,16,22,53,58,12.835,124.978,5.1,35, B,1022197,63.9,10.7,5,5.3, A,0.1, A, d,5.68,16,    gcmt,0.42,2.65,-4.62,2.37,-1.33,4.2,128,40,-50,260,60,-118, BDC
-1,1997,7,21,10,44,40,10.175,126.126,5.07,52, B,1038004,81.8,8.1,4.8,5.2, A,0.1, A, d,5,16,    gcmt,3.18,3.48,-3.8,-0.63,0.65,0.62,23,25,-67,178,67,-100, BDC
-1,1997,9,26,20,44,33,10.047,126.15,5.04,72, B,1043712,85.1,9.5,6.1,6.2, A,0.1, A, d,4.51,16,    gcmt,-4.28,0.52,3.94,1.71,-0.41,0.34,165,44,58,26,54,117, BDC
-1,1997,10,6,3,8,16,10.102,126.041,5.29,61, B,1045885,70,7.2,4.4,5.3, A,0.1, A, d,10.74,16,    gcmt,-9.63,2.87,7.95,4.7,-2.38,1.68,168,39,50,35,61,118, BDC
-1,1997,10,6,12,30,8,9.787,125.751,6.42,111, B,1045959,67,5.7,3.5,5, A,0.1, A, d,5.23,18,    gcmt,-2.69,3.66,1.67,0.43,2.97,1.02,6,78,128,110,40,18, BDC
-1,1997,12,20,15,45,50,10.141,126.026,5.2,68, B,1059771,71.1,10.1,5.2,6.1, A,0.1, A, d,7.91,16,    gcmt,-5.43,3.85,6.08,4.14,-0.1,-0.65,168,29,53,29,67,108, BDC
-1,1997,12,23,9,52,4,13.157,125.24,5.25,44, B,1060214,66.5,10.3,5.1,5.2, A,0.1, A, d,9.35,16,    gcmt,6.57,-1.07,-4.72,8.23,-0.32,-1.85,201,41,-30,314,71,-127, BDC
-1,1997,12,23,10,3,1,13.2,125.302,5.22,33, B,1060215,63.5,7.6,4.6,6.3, A,0.1, A, d,8.59,16,    gcmt,-1.34,7.52,-2.74,-2.78,-0.82,4.08,259,20,-160,150,83,-71, BDC
-1,1998,2,11,13,14,49,10.298,124.994,5.52,52, B,1076337,70.4,6.2,3.8,5.1, A,0.1, A, d,2.33,17,    gcmt,-0.12,0.57,0.81,-0.84,-1.96,-0.68,268,70,151,9,63,22, BDC
-1,1998,4,4,16,7,27,9.912,125.984,5.36,90, B,1090123,73.4,8.6,4.9,6, A,0.1, A, d,1.36,17,    gcmt,-1.27,0.38,1.06,0.53,-0.11,0.21,162,40,53,26,59,117, BDC
-1,1998,5,7,13,53,50,12.434,123.397,5.09,12, B,1105209,65.5,5.6,3.6,3.8, A,0.1, A, d,5.42,16,    gcmt,-0.72,-1.77,-2.18,3.33,2.92,2.9,26,43,-156,278,74,-49, BDC
-1,1998,8,1,21,21,34,12.368,123.694,5.23,15, B,1174156,68.8,6.4,3.6,3.7, A,0.1, A, d,8.92,16,    gcmt,-8.53,-1.48,1.14,2.06,-3.01,7.4,54,74,172,147,83,16, BDC
-1,1998,9,3,11,7,33,10.332,125.127,5.27,43, B,1202739,72.6,7.1,4.1,6, A,0.1, A, d,10.26,16,    gcmt,-8.08,-0.51,-1.54,1.68,4.88,9.63,30,80,180,120,90,10, BDC
-1,1998,11,5,18,5,26,12.861,124.784,5.86,31, B,1322529,66.3,6.1,3.3,3.8, A,0.1, A, d,7.54,17,    gcmt,-2.52,3.69,-3.81,3.25,1.66,6.33,230,71,-123,113,37,-32, BDC
-1,1998,11,6,10,10,39,12.867,124.74,5.2,43, B,1322660,68.2,9.6,4.4,6.5, A,0.1, A, d,8.07,16,    gcmt,-0.24,-2.3,-4.55,3.78,4.86,4.79,26,48,-146,271,65,-48, BDC
-1,1999,5,25,3,38,60,12.877,124.926,5.02,48, B,1682581,76.2,6.9,4.1,5.1, A,0.1, A, d,4.31,16,    gcmt,2.13,1.42,-4.13,-1.11,-1.64,2,313,33,-94,138,57,-88, BDC
-1,1999,8,3,7,1,14,12.474,125.346,5.35,26, B,1654940,73.3,6.9,4.1,4.9, A,0.1, A, d,13.41,16,    gcmt,-5.61,7.58,3.17,9.56,-2.7,2.44,161,21,22,50,82,109, BDC
-1,1999,8,15,0,41,51,11.848,124.318,5.38,34, B,1655164,70.2,6.3,4,4.7, A,0.1, A, d,1.49,17,    gcmt,-1.27,-0.15,-0.05,-0.51,-0.52,1.33,327,70,4,235,86,160, BDC
-1,1999,8,26,1,24,41,10.31,125.979,5.87,30, B,1655488,66.9,6.3,3.5,3.9, A,0.1, A, d,7.72,17,    gcmt,-6.44,3.41,6.48,2.52,-0.26,-0.03,19,61,106,168,33,63, BDC
-1,1999,12,31,20,25,50,10.379,126.189,5.34,58, A,1658719,68.1,7.5,5,5.4, A,0.1, A, d,12.79,16,    gcmt,-4.45,-0.52,4.79,-8.76,8.09,-0.34,178,44,158,285,75,48, BDC
-1,2000,1,3,2,38,23,9.653,126.294,5.17,17, A,1725403,68.2,8.4,5.7,17.1, C,0.1, A, d,7.09,16,    gcmt,-4.44,1.74,5.3,3.92,-2.78,-0.85,189,33,54,50,64,111, BDC
-1,2000,4,13,13,12,54,10.229,126.462,5.34,25, A,1734432,80.5,5.8,4,5.3, A,0.1, A, d,12.92,16,    gcmt,-8.12,9.4,8.96,-1.41,-1.95,-0.83,206,24,116,358,69,79, BDC
-1,2000,4,13,20,54,14,10.223,126.415,5.86,20, A,1734436,71.1,5.6,3.9,3.7, A,0.1, A, d,7.54,17,    gcmt,-4.85,5.79,4.7,-0.54,0.5,0.15,355,70,90,174,20,89, BDC
-1,2000,5,8,10,25,25,10.955,124.801,5.59,15, A,1735232,72.4,6.2,4.9,3.6, A,0.1, A, d,2.97,17,    gcmt,-3.04,-0.71,0.88,-0.94,-0.57,2.17,228,79,152,323,63,12, BDC
-1,2000,5,8,13,54,60,10.988,124.735,5.43,10, A,1836872,89,5.2,4.1,3.6, A,0.1, A, d,1.74,17,    gcmt,-1.55,0.7,0.19,0.44,-0.52,1.37,143,65,-4,235,87,-155, BDC
-1,2000,10,8,3,36,36,9.699,125.538,5.72,20, B,1740630,77.6,6.4,3.9,3.6, A,0.1, A, d,4.6,17,    gcmt,-4.39,1.14,2.47,-1.94,-1.26,1.93,337,64,42,225,53,147, BDC
-1,2000,10,12,23,25,54,12.462,124.892,5.48,29, B,1740754,67.4,6.5,3.9,4.8, A,0.1, A, d,2.04,17,    gcmt,1.15,-0.46,-2.19,0.28,0.68,1.03,31,48,-105,233,44,-74, BDC
-1,2000,11,30,20,1,8,10.586,126.225,5.39,18, B,1742614,72.9,7.5,4.6,6.4, A,0.1, A, d,1.51,17,    gcmt,-0.94,1.18,0.81,0.17,0.3,0.13,144,23,53,4,72,104, BDC
-1,2001,1,13,8,52,53,9.753,124.806,5.15,27, B,1837604,74,6.1,3.8,15, B,0.1, A, d,6.76,16,    gcmt,5.98,-3.11,-0.21,1.38,-0.88,-5.78,223,65,7,130,83,155, BDC
-1,2001,1,21,4,44,4,10.215,126.32,5.57,35, A,1763578,75.6,6.3,4.2,4.7, A,0.1, A, d,2.81,17,    gcmt,-2.14,1.81,2.05,0.39,0.31,0.1,5,66,101,159,27,66, BDC
-1,2001,2,20,21,33,57,11.714,125.054,5.06,15, B,1832473,72.6,6.2,3.7,3.3, A,0.1, A, d,4.84,16,    gcmt,-2.77,0.8,-1.55,-1.8,2.5,4.32,209,61,-168,113,80,-29, BDC
-1,2001,7,24,23,12,9,12.185,125.33,5.08,45, B,1968350,66.5,7.6,4.5,7.7, A,0.1, A, d,5.2,16,    gcmt,-1.05,-4.12,0.22,-0.11,-3.09,0.83,84,38,178,175,89,52, BDC
-1,2001,7,30,5,14,13,12.644,123.323,5.36,15, B,1939491,59.3,6.6,3.4,3.7, A,0.1, A, d,1.39,17,    gcmt,0.07,0.43,-0.22,-0.04,1.31,0.15,90,71,-6,182,84,-161, BDC
-1,2002,9,16,0,51,24,12.631,125.465,5.21,25, A,3378880,76.4,6.5,4.4,11.1, C,0.1, A, d,8.23,16,    gcmt,-6.29,3.63,5.12,4.24,2.17,1.17,137,42,37,18,66,126, BDC
-1,2002,10,9,19,52,56,9.128,126.199,5.02,60, B,3486327,74.8,6.8,4.2,5.3, A,0.1, A, d,4.33,16,    gcmt,2.96,3.12,-3.02,-0.03,-0.25,0.06,354,22,-93,178,68,-89, BDC
-1,2003,2,15,5,48,3,12.145,123.963,5.77,20, B,6587668,61.2,4.8,3.1,3.7, A,0.1, A, d,5.56,17,    gcmt,-4.94,0.99,-0.4,0.5,-1.81,5.33,235,84,-169,144,79,-6, BDC
-1,2003,2,15,11,2,3,12.194,124.042,6.24,20, B,6587826,54.8,4.6,2.8,3.7, A,0.1, A, d,2.86,18,    gcmt,-2.67,0.19,-0.08,0.33,-0.83,2.76,53,89,172,144,82,1, BDC
-1,2003,3,16,9,0,29,12.146,125.809,5.37,32, B,6615575,69.4,6,4,5.4, A,0.1, A, d,1.42,17,    gcmt,-0.79,1,0.79,0.59,0.3,0.01,141,27,38,16,74,112, BDC
-1,2003,5,2,15,30,24,12.001,124.031,5.32,10, B,6833157,58.8,5.1,3.2,3.7, A,0.1, A, d,1.21,17,    gcmt,-1.1,0.25,-0.04,-0.23,-0.32,1.14,233,74,180,323,90,16, BDC
-1,2003,5,22,17,45,37,11.246,125.45,5.18,50, B,6846763,68.9,6.1,3.5,5.9, A,0.1, A, d,7.34,16,    gcmt,-6.74,1.92,6.12,2.79,1.02,0.62,151,43,55,15,56,118, BDC
-1,2003,5,23,2,24,46,11.864,124.163,5.56,18, B,6847126,63.2,5.1,2.8,3.7, A,0.1, A, d,2.68,17,    gcmt,-2.53,0.65,-0.02,-0.22,-0.51,2.55,140,85,-14,231,76,-175, BDC
-1,2003,5,23,5,58,45,11.979,124.105,5.39,15, B,6847237,56.7,6.1,3.2,3.6, A,0.1, A, d,1.54,17,    gcmt,-1.63,-0.01,0.61,-0.41,-0.55,1.02,330,69,19,232,72,158, BDC
-1,2003,6,26,14,11,47,12.363,123.934,5.95,10, A,6946716,56.3,4.8,3.3,3.6, A,0.1, A, d,1.03,18,    gcmt,-0.96,0.15,-0.08,0.12,-0.15,1.04,230,87,-169,139,79,-3, BDC
-1,2003,7,1,17,0,25,12.813,124.896,5.94,32, A,6989462,56.9,4.5,3.2,4, A,0.1, A, d,1.01,18,    gcmt,-0.19,0.88,-0.12,-0.42,-0.06,0.32,151,88,-75,247,15,-173, BDC
-1,2003,11,18,17,14,24,12.109,125.396,6.5,35, B,7186975,67.7,4.7,3,4.7, A,0.1, A, d,6.91,18,    gcmt,-4.75,-1.7,6.47,-0.79,-3.25,-1.72,210,53,87,35,37,94, BDC
-1,2003,12,6,5,41,21,11.301,125.906,5.39,16, A,7199984,72.5,4.9,4.1,6.7, A,0.1, A, d,1.51,17,    gcmt,-0.56,1.37,0.58,-0.02,0.27,-0.01,138,15,51,357,78,99, BDC
-1,2003,12,6,9,58,4,11.338,125.798,5.32,61, B,7200155,73.5,5.9,3.6,6.4, A,0.1, A, d,1.22,17,    gcmt,-0.7,0.95,0.73,-0.17,-0.21,-0.02,213,22,125,356,72,77, BDC
-1,2004,1,28,2,49,57,9.876,126.088,5.04,53, A,7243104,71.9,6.2,4.1,5.2, A,0.1, A, d,4.53,16,    gcmt,-4.71,0.71,4.2,0.23,0.4,0.51,171,41,83,360,50,96, BDC
-1,2004,3,17,6,16,27,11.119,124.695,5.42,10, A,7312174,97.3,4.3,3.4,6.5, B,0.1, A, d,1.69,17,    gcmt,-1.66,-0.03,1.68,-0.25,0.14,-0.01,347,45,78,183,46,102, BDC
-1,2004,3,27,23,21,6,11.259,124.383,5.34,15, A,7320053,53.3,4,3.1,4.5, A,0.1, A, d,1.28,17,    gcmt,-0.88,-0.31,0.14,-0.19,-0.93,0.74,339,79,-8,70,82,-169, BDC
-1,2004,4,27,21,24,56,10.05,125.243,5.09,17, B,7335418,65.8,10.5,5.7,15, C,0.1, A, d,5.46,16,    gcmt,-4.14,0.21,2.52,-2.34,-3.41,1.62,347,58,28,242,67,144, BDC
-1,2004,6,28,5,6,16,12.719,123.099,5.39,19, B,7361416,58.2,5,2.9,3.9, A,0.1, A, d,1.52,17,    gcmt,-1.28,-0.53,0.06,-0.24,0.65,1.22,301,68,-1,31,89,-158, BDC
-1,2004,7,31,19,34,24,9.057,125.668,5.05,16, B,7378149,90.3,6,3.3,27.9, B,0.1, A, d,4.79,16,    gcmt,-2.56,-3.69,1.01,0.36,-2.25,1.55,68,36,167,169,82,54, BDC
-1,2005,2,6,9,27,59,12.402,125.025,5,38, B,7470407,70.7,7,3.7,4.8, A,0.1, A, d,3.97,16,    gcmt,1.17,-0.15,-1.1,1.95,3.28,-0.07,358,58,-165,260,77,-33, BDC
-1,2005,2,20,4,52,48,9.646,126.299,5.03,25, B,7473461,68.7,5.7,3.7,3.9, A,0.1, A, d,4.35,16,    gcmt,-0.44,4.31,0.72,-0.09,0.08,-0.28,165,4,76,359,86,91, BDC
-1,2005,2,22,3,20,8,12.626,123.16,5.79,18, B,7473951,63.1,4.9,2.9,3.6, A,0.1, A, d,6.03,17,    gcmt,-4.49,-1.45,-0.61,-0.18,3.32,5.09,28,84,-166,297,76,-7, BDC
-1,2005,6,22,6,30,17,9.704,126.329,5.27,48, A,7144480,78.3,5.5,3.8,3.6, A,0.1, A, d,1.01,17,    gcmt,0.73,0.6,-0.77,-0.18,-0.23,0.04,344,26,-90,163,64,-90, BDC
-1,2005,8,6,11,58,44,11.814,125.86,5.03,24, B,7396143,77.3,6.3,4,3.9, A,0.1, A, d,4.39,16,    gcmt,-3.56,2.29,3.84,0.29,0.47,-0.28,165,30,78,359,61,97, BDC
-1,2005,8,6,12,40,36,11.82,125.855,5.53,15, A,7396144,80,5.5,3.9,5.1, A,0.1, A, d,2.44,17,    gcmt,-1.09,2.18,1.05,-0.2,0.19,0.04,354,77,92,166,13,82, BDC
-1,2005,8,6,13,1,27,11.811,125.897,5.03,21, B,7396146,78,7.3,4.5,3.8, A,0.1, A, d,4.42,16,    gcmt,-3.39,2.7,3.52,0.02,0.58,-0.13,164,27,79,356,64,95, BDC
-1,2005,8,10,5,43,31,11.811,125.868,5.25,15, B,7697597,80.7,5.9,3.8,4.7, A,0.1, A, d,0.96,17,    gcmt,-0.49,0.79,0.49,0.21,0,0.01,169,17,67,12,75,97, BDC
-1,2006,6,19,5,47,50,12.318,125.535,5.11,20, B,10699010,74.5,6.8,3.6,4.9, A,0.1, A, d,5.73,16,    gcmt,-4.04,4.16,3.63,0.29,0.85,0.41,156,23,67,1,69,99, BDC
-1,2006,10,5,17,41,35,10.135,126.103,5.01,45, A,8857921,74.2,6.3,4.2,18, C,0.1, A, d,4.05,16,    gcmt,-4.07,1.53,3.27,0.64,0.24,0.8,163,36,67,10,57,105, BDC
-1,2007,1,6,10,54,7,11.768,125.982,5.07,23, B,10380590,73.2,6.2,4,6.2, A,0.1, A, d,5.14,16,    gcmt,-2.16,-3.97,1.28,2.48,-1.16,0.88,50,23,163,155,83,68, BDC
-1,2007,1,18,5,40,50,9.662,126.257,5.09,66, B,10389235,67.1,6.1,4,4.8, A,0.1, A, d,5.43,16,    gcmt,-4.61,-2.86,3.68,1.84,0.54,0.93,16,30,126,156,66,71, BDC
-1,2007,3,20,3,10,32,9.189,126.33,5.43,46, B,11700060,72.3,4.9,3.2,6.3, A,0.1, A, d,1.77,17,    gcmt,-1.79,0.45,1.51,0.39,0.14,0.27,160,40,64,12,54,110, BDC
-1,2007,4,26,12,4,32,12.479,123.467,5,16, B,11934893,72.9,11,6.2,6.1, C,0.1, A, d,3.96,16,    gcmt,0.07,-0.45,-3.87,0.71,-0.53,3.8,93,40,-98,283,51,-84, BDC
-1,2007,5,7,3,4,37,9.536,125.911,4.96,113, B,12649767,72.2,6.6,4,6.1, A,0.1, A, d,3.47,16,    gcmt,0.99,-2.32,-2.5,0.63,-1.26,1.51,112,28,-126,331,67,-72, BDC
-1,2007,6,14,14,49,56,10.383,125.289,5.54,18, B,12679992,71.2,4.5,2.9,3.8, A,0.1, A, d,2.5,17,    gcmt,-2.4,0.67,0.07,0.21,-0.62,2.33,141,78,-8,233,82,-168, BDC
-1,2007,7,15,12,29,17,11.438,126.208,5.26,18, A,12936847,74.9,5.4,3.7,6.5, A,0.1, A, d,0.97,17,    gcmt,-0.6,0.74,0.64,0.06,0.09,-0.04,163,21,73,1,70,96, BDC
-1,2007,7,19,15,10,18,10.358,125.273,5.3,10, B,12773404,79.7,5,2.9,42.2, B,0.1, A, d,1.12,17,    gcmt,-1.03,0.04,0.01,-0.08,-0.45,1.02,237,86,177,327,87,4, BDC
-1,2007,9,22,3,59,38,13.117,124.613,5.14,51, B,13203909,65.7,5.8,3.3,6, A,0.1, A, d,6.46,16,    gcmt,-6.15,2.58,1.73,-2.37,0.6,4.42,220,54,169,317,81,37, BDC
-1,2007,10,7,18,30,40,12.233,125.577,5.1,62, B,13237399,74.8,6.2,3.5,5.3, A,0.1, A, d,5.61,16,    gcmt,-2.03,2.56,-2.95,-0.48,2.43,4.98,108,58,-35,218,61,-142, BDC
-1,2007,10,27,22,15,37,11.469,124.379,5.01,20, B,13250898,62.8,5.9,3.4,9.8, B,0.1, A, d,4.12,16,    gcmt,-3.74,-0.57,0.01,-0.64,-1.51,3.73,326,78,-1,56,89,-168, BDC
-1,2007,11,7,4,12,34,9.749,124.597,5.3,27, A,13261010,68.7,3.7,2.8,3.8, A,0.1, A, d,1.13,17,    gcmt,-0.79,0.58,0.44,0.56,0.41,0.36,128,44,24,21,74,132, BDC
-1,2007,12,6,21,43,48,12.323,125.553,5.9,40, B,13284090,70.6,4.9,2.8,5, A,0.1, A, d,0.89,18,    gcmt,-0.53,0.69,0.52,-0.04,0.16,0.02,355,71,97,153,20,70, BDC
-1,2007,12,9,5,22,10,12.338,125.557,5.6,25, B,13285653,70,4.8,2.7,3.9, A,0.1, A, d,3.08,17,    gcmt,-1.7,2.54,1.66,-0.16,0.47,0.04,355,73,96,156,18,72, BDC
-1,2007,12,27,17,52,13,9.654,126.301,5.19,37, B,13299180,76.4,5.4,3.4,6, A,0.1, A, d,0.77,17,    gcmt,-0.76,0.23,0.58,0.21,0.17,0.18,145,43,52,13,58,120, BDC
-1,2008,1,7,7,46,27,12.288,125.488,5.56,25, B,13329492,68.6,4.8,2.9,3.9, A,0.1, A, d,2.71,17,    gcmt,-1.6,2.11,1.57,-0.3,0.54,0.03,350,71,95,155,20,75, BDC
-1,2008,3,15,16,42,34,12.959,125.353,5.15,20, A,13489401,66.7,5.4,3.5,5, A,0.1, A, d,6.72,16,    gcmt,-4.65,4,5.77,-1.22,0.63,-1.12,173,26,96,346,64,87, BDC
-1,2008,4,20,5,25,39,12.953,125.176,5.2,43, B,10900872,67.7,6,3.7,6.2, A,0.1, A, d,7.9,16,    gcmt,-4.88,5.79,5.19,-1.22,1.41,-0.31,161,21,84,347,69,92, BDC
-1,2008,6,2,6,56,22,9.103,125.677,5.02,28, B,10968377,83.5,6.8,3.8,27.9, B,0.1, A, d,4.23,16,    gcmt,-1.08,-1.9,0.52,-2.04,-3.4,0.56,349,61,-10,83,82,-151, BDC
-1,2008,6,25,6,40,41,12.043,125.757,5.42,15, B,11000177,69.7,5.9,3.5,4.9, A,0.1, A, d,1.68,17,    gcmt,-0.75,1.51,0.68,0.14,0.13,0.07,156,14,63,4,78,97, BDC
-1,2008,8,15,10,25,18,12.997,124.402,5.99,16, B,11165780,63.4,4.4,2.8,3.6, A,0.1, A, d,1.2,18,    gcmt,-0.65,0.13,-0.28,-0.09,0.88,0.94,111,83,-9,202,81,-173, BDC
-1,2008,8,17,20,46,47,13.087,124.366,5.44,14, A,11167639,64.2,4.9,3.3,5, A,0.1, A, d,1.84,17,    gcmt,-1.02,0.11,-0.36,0.15,1.39,1.38,110,86,2,20,88,176, BDC
-1,2008,8,20,13,18,4,13.018,124.371,5.26,22, B,11180567,65,4.9,3,4.8, A,0.1, A, d,0.97,17,    gcmt,-0.33,0.04,-0.04,0.68,0.62,0.37,11,48,178,102,89,42, BDC
-1,2008,8,25,2,43,5,10.31,125.321,5.85,15, B,13392533,65.7,4.6,2.9,3.8, A,0.1, A, d,7.23,17,    gcmt,-4.41,-1.67,-1.02,0.07,-4.99,5.43,337,83,-14,68,76,-173, BDC
-1,2008,8,30,12,4,50,13.094,124.393,5.25,23, B,11223919,63,5.6,3.4,4.7, A,0.1, A, d,0.94,17,    gcmt,-0.54,0.31,0.47,0.34,0.64,0.07,113,57,33,3,63,142, BDC
-1,2008,10,7,3,34,37,11.372,125.495,5.28,55, A,13396279,69.6,5.4,3.8,6, A,0.1, A, d,1.03,17,    gcmt,-1.05,0.25,0.88,0.2,0.16,0.16,156,41,65,8,53,110, BDC
-1,2008,10,8,19,9,27,13.03,124.401,5.38,27, B,13396431,65.8,4.9,3.1,3.9, A,0.1, A, d,1.48,17,    gcmt,-0.89,0.22,0.31,0.7,1.01,0.59,14,65,160,112,72,26, BDC
-1,2008,11,6,1,4,33,12.993,124.338,5.2,25, B,11396232,66.9,5,3,4.5, A,0.1, A, d,0.79,17,    gcmt,-0.11,0.13,-0.7,0.11,-0.01,0.82,102,42,-72,259,50,-106, BDC
-1,2008,11,6,7,45,60,13.016,124.444,5.21,26, B,11396248,64.7,5.5,3.2,4.8, A,0.1, A, d,0.82,17,    gcmt,-0.38,0.3,-0.39,-0.35,0.13,0.77,228,46,-152,117,71,-48, BDC
-1,2009,1,29,22,43,47,10.976,124.898,5.42,16, B,11656313,77.3,5.7,3.6,3.9, A,0.1, A, d,1.68,17,    gcmt,-1.61,-0.2,-0.09,-0.04,-0.14,1.71,317,84,-5,48,85,-174, BDC
-1,2009,4,21,18,47,35,12.367,126.329,5.08,17, A,13438970,70.8,6.5,4.4,2.5, C,0.1, A, d,5.21,16,    gcmt,4.84,-0.45,-5.01,1.02,-1.28,0.17,175,42,-75,336,50,-103, BDC
-1,2009,8,26,22,20,53,9.325,124.018,5.31,572, A,15161116,70.7,5.2,3.5,6.6, A,0.1, A, d,1.17,17,    gcmt,0.51,0.69,-0.92,-0.31,-0.4,0.4,311,26,-107,149,65,-82, BDC
-1,2009,11,10,22,27,34,9.351,125.566,5.22,20, B,13930245,77,6.3,3.4,16.1, C,0.1, A, d,8.55,16,    gcmt,-3.65,-1.91,-0.58,-1.8,-7.1,4.23,344,75,-10,77,80,-165, BDC
-1,2009,11,11,13,48,20,9.372,125.597,5.74,25, B,13932170,71.7,4.9,3.1,3.7, A,0.1, A, d,4.96,17,    gcmt,-1.87,-1.08,-0.3,-0.64,-4.34,2.17,347,80,-11,79,79,-170, BDC
-1,2009,12,2,20,27,14,12.351,125.64,5.54,21, B,14174833,70.3,5.4,3.1,11.1, C,0.1, A, d,2.6,17,    gcmt,-1.49,2.09,1.41,-0.12,0.52,0.08,149,19,66,354,72,98, BDC
-1,2009,12,29,22,14,34,10.065,126.507,5,59, B,14210037,69.7,5.7,3.7,6.4, A,0.1, A, d,3.96,16,    gcmt,-2.34,3.08,2.45,0.32,-0.57,-0.11,199,20,101,8,71,86, BDC
-1,2009,12,30,7,48,55,10.683,125.322,5.28,128, B,14210044,70.5,5.3,3.2,5.4, A,0.1, A, d,1.03,17,    gcmt,0.13,-0.72,-0.56,0.45,-0.29,0.43,103,21,-128,323,74,-77, BDC
-1,2010,2,2,11,19,1,10.299,126.151,5.1,33, B,14270410,74.7,6,3.8,19.6, C,0.1, A, d,5.57,16,    gcmt,-3.64,4.05,3.64,-0.81,0.88,0,166,21,88,348,69,91, BDC
-1,2010,5,13,2,11,9,9.222,125.571,5.01,20, B,14701330,71.4,5.6,3.3,27.9, B,0.1, A, d,4.13,16,    gcmt,-1.3,-1.01,0.54,-1.47,-3.65,0.75,351,69,-5,82,85,-159, BDC
-1,2010,5,27,13,48,25,9.797,125.578,4.97,147, A,14725479,80.3,7.2,4.8,25, A,0.1, A, d,3.58,16,    gcmt,-0.23,0,-3.25,-0.19,1.32,3.48,251,44,-92,73,46,-88, BDC
-1,2010,9,28,5,6,26,12.998,124.669,4.98,8, B,15216031,68.9,7.2,4.2,22, B,0.1, A, d,3.71,16,    gcmt,-1.89,1.3,-0.62,0.01,2.64,2.51,108,69,-10,202,80,-159, BDC
-1,2010,9,29,2,18,57,13.069,124.612,4.98,15, B,15213263,71.5,7,4.1,22, C,0.1, A, d,3.7,16,    gcmt,-1.64,1.96,-0.7,-0.98,2.23,2.34,206,66,-156,106,69,-26, BDC
-1,2010,10,20,7,12,37,12.876,124.747,5.24,68, B,15258369,62.9,7.6,3.9,22, C,0.1, A, d,0.91,17,    gcmt,-0.82,-0.1,0.9,0.02,0.29,-0.07,340,42,88,162,48,92, BDC
-1,2010,10,23,18,37,55,9.337,125.768,5.06,28, B,15263346,78.9,6.1,3,4.5, A,0.1, A, d,4.87,16,    gcmt,-2.06,-1.55,0.85,-2.7,-3.46,1.21,346,50,4,253,87,140, BDC
-1,2010,11,3,22,24,48,12.786,123.001,5.11,21, A,15508719,59.2,4.7,3.2,3.6, A,0.1, A, d,5.87,16,    gcmt,-5.64,-1.2,0.89,-1.43,1.88,4.75,306,71,8,214,82,161, BDC
-1,2010,11,5,16,40,39,12.774,123.047,5.76,15, A,601692190,58.5,4,2.8,3.6, A,0.1, A, d,5.5,17,    gcmt,-4.82,-0.09,-0.04,0.98,2.33,4.86,122,86,9,32,81,176, BDC
-1,2010,12,18,5,6,23,10.454,126.301,5.62,20, A,15809883,43.5,3.5,2.8,3.5, A,0.1, A, d,3.3,17,    gcmt,-2.28,2.47,2.15,0.24,0.17,0.13,3,69,95,168,21,76, BDC
-1,2010,12,18,6,11,50,10.465,126.231,5.05,28, A,17187206,68.9,6.6,4.5,19.6, C,0.1, A, d,4.74,16,    gcmt,-3.17,3.5,3.17,-0.15,0.32,-0.01,172,21,86,357,69,92, BDC
-1,2010,12,20,4,27,35,10.434,126.388,4.98,21, B,15908346,66.5,7.5,4.9,8, C,0.1, A, d,3.74,16,    gcmt,-2.84,2.41,2.84,0.28,0.06,-0.01,174,25,81,4,65,94, BDC
-1,2010,12,30,16,56,13,10.124,126.349,4.99,28, B,15902235,71.5,6.7,4.3,14.5, C,0.1, A, d,3.79,16,    gcmt,-3.23,2.45,2.39,0.55,0.06,0.85,164,26,66,10,66,101, BDC
-1,2011,3,3,15,11,60,9.524,126.05,5.47,25, B,16194008,73.9,4.7,3,4.5, A,0.1, A, d,2,17,    gcmt,-0.28,1.1,-0.43,-0.21,1.51,0.71,193,77,-146,94,57,-16, BDC
-1,2011,4,10,20,4,21,9.93,126.295,4.96,37, B,16416188,75,6.5,4.2,14.5, C,0.1, A, d,3.37,16,    gcmt,-0.72,-1.84,2.33,0.93,-1.79,-1.6,80,49,137,202,59,50, BDC
-1,2011,4,11,4,1,49,9.789,125.476,4.96,18, B,16525105,76.4,8.4,3.9,25, A,0.1, A, d,3.41,16,    gcmt,-2.42,-1.25,-0.01,-0.97,-1.84,2.44,331,66,-9,65,82,-156, BDC
-1,2011,5,5,3,46,32,9.287,125.599,5.01,24, B,16497719,75.8,6.8,3.4,16.1, B,0.1, A, d,4.06,16,    gcmt,-1.05,-1.07,0.05,-1.4,-3.55,1,350,69,-9,83,81,-159, BDC
-1,2011,9,7,6,7,32,10.095,126.104,5.16,46, B,17215201,68.3,5.9,3.5,18, C,0.1, A, d,6.77,16,    gcmt,-7.11,1.99,5.73,0.64,-0.36,1.37,175,37,79,9,54,98, BDC
-1,2011,12,10,9,51,14,11.144,126.112,5.1,14, A,600024295,65.8,4.7,3.2,15.9, C,0.1, A, d,5.48,16,    gcmt,-3.66,4.2,3.15,0.35,0.78,0.5,154,22,64,2,71,100, BDC
-1,2011,12,26,20,34,39,9.442,126.506,5.01,27, B,600099427,74.2,5.5,3.4,4.6, A,0.1, A, d,4.03,16,    gcmt,-3.15,2.08,3.49,-0.09,0.91,-0.34,157,30,78,351,61,97, BDC
-1,2012,1,17,12,55,37,11.254,125.849,5.71,35, B,600202653,72.2,4.8,3,5, A,0.1, A, d,4.6,17,    gcmt,-4.68,1.1,4.12,-0.86,-0.28,0.56,350,53,74,196,40,111, BDC
-1,2012,2,1,4,30,51,11.71,125.624,5.16,30, B,600292263,74.1,5.1,3,16.9, B,0.1, A, d,6.69,16,    gcmt,-4.67,4.69,4.4,-0.2,1.51,0.27,152,24,70,354,68,99, BDC
-1,2012,2,1,4,39,16,11.688,125.627,5.11,35, B,600292264,73.8,6.3,3.6,16.9, B,0.1, A, d,5.65,16,    gcmt,-4.48,2.65,5.41,-0.1,0.56,-0.93,169,31,86,354,59,92, BDC
-1,2012,2,4,13,9,25,12.037,125.814,5.76,20, A,600319845,73.1,4.5,3.2,5.2, A,0.1, A, d,6.3,17,    gcmt,-3.23,5.44,3.15,-0.19,0.63,0.08,357,75,94,161,16,75, BDC
-1,2012,2,4,19,29,17,11.976,125.825,5.36,13, A,600319855,77.4,4.8,3.2,6.5, C,0.1, A, d,1.33,17,    gcmt,-0.85,0.75,1.02,-0.37,0.4,-0.16,157,25,92,334,65,89, BDC
-1,2012,2,6,3,49,13,9.978,123.177,6.67,10, A,600321522,53.2,2.8,2.2,3.8, A,0.1, A, d,1.3,19,    gcmt,-1.16,-0.08,1.08,0.05,-0.73,0.09,199,47,81,31,44,99, BDC
-1,2012,2,6,4,19,60,10.089,123.147,5.6,10, A,600321524,58.8,3.8,2.6,3.5, A,0.1, A, d,3.3,17,    gcmt,-1.68,0.31,2.01,2.57,-1.16,-0.33,64,71,116,188,32,38, BDC
-1,2012,2,6,10,10,20,9.904,123.134,6.04,10, A,600322439,54.8,3.1,2.4,3.5, A,0.1, A, d,1.5,18,    gcmt,0.08,0.16,0.9,-0.31,-1.21,-0.98,270,62,140,22,56,35, BDC
-1,2012,2,6,11,33,36,9.856,123.086,5.89,10, A,604682382,64.6,3.3,2.5,3.8, A,0.1, A, d,8.5,17,    gcmt,0.3,1.64,4.82,-2.33,-6.46,-5.12,270,63,140,21,56,34, BDC
-1,2012,2,6,11,40,17,9.871,123.075,5.38,13, A,600323619,67.1,3.6,2.8,4.5, B,0.1, A, d,1.47,17,    gcmt,-0.02,0.76,0.6,-0.85,-0.83,-0.58,22,49,28,273,69,136, BDC
-1,2012,2,8,0,41,4,10.208,123.355,5.27,10, A,600332426,59.6,3.5,2.4,4.5, A,0.1, A, d,0.97,17,    gcmt,-0.82,-0.01,0.95,-0.15,-0.36,-0.12,15,44,79,211,48,101, BDC
-1,2012,2,24,5,42,28,10.002,126.055,4.96,68, B,600712419,70.5,5.9,3.3,18, B,0.1, A, d,3.34,16,    gcmt,-3.59,0.14,2.72,0.87,0.24,0.86,157,48,60,17,50,119, BDC
-1,2012,2,25,7,1,48,11.755,125.827,4.97,28, A,600714791,73.5,6.1,4,6.5, C,0.1, A, d,3.47,16,    gcmt,-2.49,1.93,2.75,-0.42,1.12,-0.25,151,28,79,344,62,96, BDC
-1,2012,3,5,23,6,29,12.407,123.704,5.54,15, A,600764093,56.1,4,2.8,3.6, A,0.1, A, d,2.7,17,    gcmt,-2.39,-0.39,-0.1,-0.83,-0.52,2.49,231,87,161,322,71,3, BDC
-1,2012,3,16,7,58,4,10.019,125.638,5.83,25, A,600792419,69,4.4,3.2,4.5, A,0.1, A, d,6.2,17,    gcmt,-0.4,-0.66,-5.06,-0.45,3.7,5.45,57,49,-100,252,42,-79, BDC
-1,2012,4,25,6,55,12,12.076,125.742,5.06,17, B,601111049,73.9,5.3,3.4,13.4, B,0.1, A, d,4.84,16,    gcmt,-3.04,3.52,2.99,-0.75,1.23,0.06,153,21,78,346,69,95, BDC
-1,2012,7,18,6,36,49,11.332,126.157,5.34,15, A,601404423,72.5,4.3,3,4, A,0.1, A, d,1.25,17,    gcmt,-0.67,1.05,0.64,-0.04,0.17,0.03,156,17,71,356,74,96, BDC
-1,2012,8,31,12,47,35,10.811,126.787,7.62,35, A,601667544,62.9,3.7,2.8,5.2, A,0.1, A, d,3.3,20,    gcmt,-3.42,-0.31,2.89,-0.94,-0.23,0.53,201,51,114,345,45,63, BDC
-1,2012,8,31,23,37,57,10.42,126.712,5.59,25, A,601755815,71.5,4.5,3.3,4.5, A,0.1, A, d,3.1,17,    gcmt,2.43,-1.3,-2.89,0.04,-0.73,0.47,348,57,-83,156,33,-100, BDC
-1,2012,9,1,0,25,2,10.248,126.482,5.36,24, B,601668326,67.4,5.3,3.3,14.5, C,0.1, A, d,1.36,17,    gcmt,-1.11,0.39,1.47,0.19,0.06,-0.36,171,37,80,3,53,98, BDC
-1,2012,9,1,1,16,6,10.505,126.791,5.44,15, A,601668328,64.1,5,4.1,25, C,0.1, A, d,1.79,17,    gcmt,1.37,-0.79,-1.7,0,-0.44,0.34,153,33,-102,348,58,-82, BDC
-1,2012,9,1,1,20,38,10.56,126.871,5.43,19, A,601668330,66.7,6,4.1,25, C,0.1, A, d,1.78,17,    gcmt,1.39,0.36,-1.94,-0.02,-0.39,0.54,336,40,-94,162,51,-86, BDC
-1,2012,9,1,8,8,9,10.364,126.854,5,16, A,601668346,76,5.4,3.7,25, C,0.1, A, d,3.98,16,    gcmt,2.19,-1.44,-3.86,1.01,-1.32,1.67,139,32,-93,322,58,-88, BDC
-1,2012,9,1,8,13,14,10.393,126.931,5.07,18, B,601668347,74.3,6.4,4,25, C,0.1, A, d,5.07,16,    gcmt,2.68,0.07,-4.96,2.13,-1.85,2.28,151,38,-67,302,55,-107, BDC
-1,2012,9,2,14,42,13,11.347,126.742,5.15,14, A,601670458,67.1,5.3,3.6,4.5, A,0.1, A, d,6.79,16,    gcmt,5.15,-0.51,-6.27,1.46,-3.22,1.11,161,41,-75,321,51,-103, BDC
-1,2012,9,3,2,14,41,10.395,126.48,5.28,16, A,601671995,76.6,4.6,3.3,5, A,0.1, A, d,1.04,17,    gcmt,-0.74,0.69,0.8,-0.07,0.07,-0.05,174,24,90,355,66,90, BDC
-1,2012,9,3,3,11,29,10.349,126.586,5.07,17, A,601671997,81.2,5.6,4,8, C,0.1, A, d,5.15,16,    gcmt,-3.72,3.24,4.17,-0.21,0.62,-0.45,166,26,83,354,65,93, BDC
-1,2012,9,4,0,50,52,10.478,126.907,5.3,23, A,601673039,69,5.1,3.4,4.7, A,0.1, A, d,1.13,17,    gcmt,0.86,0.27,-1.13,-0.2,-0.35,0.27,338,37,-85,152,54,-94, BDC
-1,2012,9,4,6,42,59,10.697,126.842,5.28,14, A,601833335,69,4.6,3.3,4.5, A,0.1, A, d,1.04,17,    gcmt,0.7,0.12,-1.07,0.02,-0.43,0.37,322,43,-96,150,47,-85, BDC
-1,2012,9,4,6,54,58,10.651,126.825,5.23,16, A,601673758,66.8,5,3.4,4.7, A,0.1, A, d,0.89,17,    gcmt,0.76,-0.19,-0.9,0.08,-0.21,0.14,164,38,-88,341,52,-91, BDC
-1,2012,9,4,6,57,59,10.568,126.74,5.26,9, A,601673759,69.5,4.6,3.2,5.2, A,0.1, A, d,0.99,17,    gcmt,0.81,0,-1.11,-0.12,-0.17,0.29,349,44,-83,159,46,-97, BDC
-1,2012,9,4,9,58,8,10.522,126.804,5.37,12, A,601673794,69.3,4.4,3.2,4.9, A,0.1, A, d,1.41,17,    gcmt,1.18,-0.52,-1.39,-0.2,-0.14,0.2,164,35,-105,2,56,-80, BDC
-1,2012,9,4,15,11,11,10.661,126.753,5.23,15, A,601734447,72.9,4.5,3.4,4.9, A,0.1, A, d,0.87,17,    gcmt,0.58,-0.25,-0.86,0.09,-0.34,0.28,144,37,-96,331,54,-86, BDC
-1,2012,9,5,0,35,28,11.601,126.771,5.33,15, A,601675138,67.7,5,3.6,25, C,0.1, A, d,1.24,17,    gcmt,1.05,0,-1.15,0.14,-0.56,0.09,163,44,-79,328,47,-100, BDC
-1,2012,9,15,7,3,60,12.622,125.621,5.2,13, B,601717591,67.1,4.7,2.9,11.1, C,0.1, A, d,7.84,16,    gcmt,-4.66,5.22,5.32,-1.69,2.51,-0.65,148,23,79,340,67,95, BDC
-1,2012,9,15,10,26,23,12.628,125.583,5.38,13, B,601717681,68.2,4.3,2.6,11.1, C,0.1, A, d,1.46,17,    gcmt,-0.87,0.98,0.98,-0.26,0.49,-0.11,144,24,74,342,67,97, BDC
-1,2012,10,4,14,45,28,9.932,126.555,5.24,16, B,601782845,78.2,5.2,3.2,14.5, C,0.1, A, d,0.9,17,    gcmt,-0.51,0.75,0.47,-0.04,0.08,0.04,166,17,80,356,73,93, BDC
-1,2012,10,25,22,58,17,11.275,126.226,4.99,26, B,601848643,65.7,6.2,4,16.2, C,0.1, A, d,3.82,16,    gcmt,-3.12,1.09,3.82,0.79,0.85,-0.7,151,40,70,356,53,106, BDC
-1,2012,10,27,15,46,26,10.461,126.888,5.3,15, B,601852919,76.4,5.3,3.4,25, C,0.1, A, d,1.12,17,    gcmt,0.92,0.24,-1.15,0.03,-0.3,0.22,335,40,-97,165,51,-84, BDC
-1,2012,10,28,2,43,10,10.529,126.82,5.4,15, B,601852953,80.9,5.4,3.5,25, C,0.1, A, d,1.61,17,    gcmt,1.33,-0.3,-1.63,0.28,-0.43,0.3,165,38,-82,335,52,-96, BDC
-1,2012,11,2,18,17,35,9.252,126.261,6.08,50, A,601868898,68.7,4,2.8,5.1, A,0.1, A, d,1.6,18,    gcmt,-1.58,0.4,1.44,0.31,0.26,0.14,6,53,108,157,40,67, BDC
-1,2012,11,3,11,12,19,10.552,126.91,5.3,15, B,601869847,74.4,5,3.3,5, A,0.1, A, d,1.13,17,    gcmt,0.92,0.38,-1.11,-0.09,-0.28,0.18,340,35,-92,163,55,-88, BDC
-1,2012,12,6,0,43,22,10.989,126.67,5.49,15, B,601996104,76.7,5.1,3.3,4.6, A,0.1, A, d,2.1,17,    gcmt,1.88,-0.33,-2.02,-0.38,-0.73,0.14,147,44,-109,353,49,-72, BDC
-1,2013,1,19,13,48,4,11.322,125.482,5.2,55, B,602340508,71.7,4.9,3.2,5, A,0.1, A, d,0.8,17,    gcmt,-0.81,0.13,0.74,0.13,0.04,0.07,166,42,73,8,50,104, BDC
-1,2013,1,30,2,32,15,10.574,126.75,5.07,8, A,602359417,76.6,4.7,3.4,4.7, A,0.1, A, d,5.12,16,    gcmt,3.96,-1.84,-4.96,1.34,-0.93,1,170,33,-78,336,58,-97, BDC
-1,2013,3,30,1,50,44,10.047,126.306,5.49,30, B,602753075,75.3,4.7,3.1,4.6, A,0.1, A, d,2.8,17,    gcmt,-1.38,2.43,1.21,-0.03,0.13,0.17,359,76,92,170,14,82, BDC
-1,2013,3,30,1,54,29,10.017,126.372,5.15,32, B,602784795,70.9,6.8,3.9,14.5, C,0.1, A, d,6.64,16,    gcmt,-5.98,3.04,5.49,1.34,0.21,0.49,165,33,67,11,60,104, BDC
-1,2013,6,8,2,11,56,10.682,126.84,5.19,15, A,603056209,75.9,4.6,3.2,3.9, A,0.1, A, d,0.76,17,    gcmt,0.54,-0.34,-0.73,-0.04,-0.19,0.19,148,34,-107,348,58,-79, BDC
-1,2013,6,8,7,37,4,10.685,126.838,5.11,15, A,603056222,83.3,5,3.4,3.9, A,0.1, A, d,5.92,16,    gcmt,3.59,-2.12,-5.32,2.12,-2.02,1.73,152,30,-81,321,60,-95, BDC
-1,2013,6,8,20,33,29,10.681,126.904,5.19,15, A,603056448,81.5,4.8,3.5,25, C,0.1, A, d,0.76,17,    gcmt,0.5,-0.11,-0.77,-0.18,-0.3,0.26,339,46,-71,133,47,-108, BDC
-1,2013,8,14,11,24,47,10.313,126.128,5.07,34, A,603332657,78.3,4.7,3.3,19.6, C,0.1, A, d,5.09,16,    gcmt,-3.89,3.35,3.74,-0.28,0.26,0.14,177,24,92,356,66,89, BDC
-1,2013,10,15,0,12,33,9.864,124.12,7.1,19, A,609078498,73.1,3.4,2.6,3.9, A,0.1, A, d,5.61,19,    gcmt,-2.06,-0.3,4.97,-1.02,-3.53,-2.91,235,50,98,42,40,80, BDC
-1,2013,10,15,8,36,23,9.905,124.295,5.61,15, A,609078492,74.1,5,3.6,14.9, C,0.1, A, d,3.23,17,    gcmt,2.24,0.06,0.6,-0.9,-1.81,-2.84,117,88,-166,27,76,-2, BDC
-1,2013,10,15,8,42,50,9.763,123.746,5.69,15, A,603736847,71.9,3.4,2.8,3.9, A,0.1, A, d,4.34,17,    gcmt,-1.81,-0.32,3.54,-2.19,-2.13,-1.73,242,60,109,27,35,60, BDC
-1,2013,10,15,8,52,20,9.94,124.061,5.24,18, A,603736848,85.6,3.9,3,25, B,0.1, A, d,0.92,17,    gcmt,-0.45,-0.04,0.94,0.03,-0.42,-0.48,49,45,94,223,45,86, BDC
-1,2013,10,15,13,51,21,9.826,123.804,5.08,16, A,603989222,104.1,3.9,3.7,25, B,0.1, A, d,5.16,16,    gcmt,-0.76,-2.97,2.91,-0.75,-3.32,-2.14,83,38,143,203,68,58, BDC
-1,2013,10,16,1,37,2,9.66,123.687,5.2,25, A,603740735,79.9,3.9,3.2,6.2, B,0.1, A, d,7.86,16,    gcmt,-5.01,-0.99,6.77,-3.11,-3.75,-1.76,18,37,64,229,57,108, BDC
-1,2013,10,16,2,42,23,9.874,124.362,5.02,15, A,607207001,81.3,4,3,14.9, B,0.1, A, d,4.22,16,    gcmt,1.88,-1.09,0.04,-1.35,-3.39,-1.92,107,73,-168,13,79,-18, BDC
-1,2013,10,16,5,28,39,9.976,124.207,5.13,15, A,603740744,78.9,4,3.1,25, B,0.1, A, d,6.25,16,    gcmt,3.37,0.06,-2.19,-0.93,-5.7,-1.18,10,78,-7,102,83,-168, BDC
-1,2013,10,16,23,37,30,9.748,123.875,5.16,13, A,607207117,80.5,3.5,2.6,32, B,0.1, A, d,6.96,16,    gcmt,0.76,-2.38,3.12,-4.31,-4.57,-3.89,46,23,73,244,68,97, BDC
-1,2013,10,18,8,48,6,9.787,123.985,5.04,15, A,603746161,84.6,3.6,2.8,25, B,0.1, A, d,4.52,16,    gcmt,2.39,0.14,-0.12,-1.83,-3.41,-2.27,16,67,-5,108,86,-157, BDC
-1,2013,10,19,20,40,43,10.077,124.257,5.28,16, B,603750271,70.9,4.7,2.9,14.9, B,0.1, A, d,1.03,17,    gcmt,0.36,0.64,0.43,-0.43,-0.18,-0.8,49,43,26,300,73,130, BDC
-1,2013,10,19,21,29,38,10.081,124.22,5.03,16, A,603750275,79.4,4.9,3.3,25, B,0.1, A, d,4.39,16,    gcmt,2.45,-0.21,2.86,-0.94,-1.79,-5.31,83,39,97,254,51,84, BDC
-1,2013,10,19,21,43,31,10.026,124.3,5.14,28, A,603750277,74,5.2,3.7,14.9, B,0.1, A, d,6.35,16,    gcmt,5.62,-1.93,-0.13,-0.17,-2.43,-5.49,122,75,173,214,83,15, BDC
-1,2013,10,20,8,5,41,9.727,123.789,5.12,14, A,603751417,66.7,6.1,4.1,32, C,0.1, A, d,5.93,16,    gcmt,-1.24,0.04,4.21,-2.07,-4.36,-2.97,25,43,51,253,58,120, BDC
-1,2013,10,20,23,3,19,9.832,124.099,5.23,15, B,603751176,64.5,6.1,3.8,3.7, A,0.1, A, d,0.87,17,    gcmt,-0.09,-0.16,0.57,-0.47,-0.51,-0.47,37,30,62,248,64,105, BDC
-1,2013,11,1,13,58,41,9.859,124.167,5.07,15, B,603767531,70.8,4.8,3.1,25, C,0.1, A, d,5.03,16,    gcmt,-0.1,-0.85,3.47,-2.4,-3,-3.36,46,31,70,249,61,102, BDC
-1,2014,1,26,2,41,42,11.224,124.619,4.98,15, B,604009300,82.3,5.5,3.5,6.5, B,0.1, A, d,3.78,16,    gcmt,-1.61,0.49,-2.66,0.95,1.26,4.27,96,39,-65,244,55,-109, BDC
-1,2014,1,26,6,12,4,11.182,124.651,4.96,18, B,604009310,82.3,5.5,3,6.5, B,0.1, A, d,3.41,16,    gcmt,-0.95,0.89,-2.67,-0.29,0.72,3.62,239,49,-123,104,51,-58, BDC
-1,2014,3,15,10,55,13,10.559,126.763,5.26,17, A,604161840,77,5.2,3.6,25, C,0.1, A, d,0.97,17,    gcmt,0.77,-0.56,-0.75,0.21,-0.01,-0.02,191,28,-69,347,64,-101, BDC
-1,2014,5,31,18,59,60,9.374,126.505,5.22,33, B,604664385,68.9,6.1,3.8,17.1, C,0.1, A, d,0.86,17,    gcmt,-0.7,0.09,0.99,0.04,0.07,-0.28,168,42,86,353,48,93, BDC
-1,2014,6,2,1,4,6,9.589,126.67,5.06,24, A,604669072,71.9,5.1,3.5,17.1, C,0.1, A, d,4.82,16,    gcmt,-4.22,2.33,4.15,-0.02,0.56,0.07,169,31,84,356,59,93, BDC
-1,2014,6,11,9,8,21,9.758,125.818,5.12,20, A,604723279,65.7,4.8,3.2,18, C,0.1, A, d,6.13,16,    gcmt,-3.51,2.41,-2.08,0.4,2.86,5.59,115,62,-19,214,74,-151, BDC
-1,2014,7,24,23,57,26,10.438,125.302,5.4,15, B,605099086,69.9,4.7,2.9,42.2, B,0.1, A, d,1.58,17,    gcmt,-1.43,-0.05,-0.15,0.34,-0.35,1.58,51,82,173,142,83,8, BDC
-1,2014,10,4,17,38,38,11.024,126.072,5.19,22, B,605498760,77.7,5.2,3.4,15.9, C,0.1, A, d,7.67,16,    gcmt,-6.2,4.47,6.15,-0.04,0.9,0.05,167,27,82,356,63,94, BDC
-1,2014,10,27,8,32,6,9.769,126.791,5.37,20, A,605617833,72.2,5.2,3.6,12.7, C,0.1, A, d,1.42,17,    gcmt,-0.59,0.71,0.3,-0.46,-1.02,0.29,253,56,164,352,77,35, BDC
-1,2014,10,27,8,34,18,9.755,126.78,5.43,20, A,610573362,77.3,5.2,3.7,12.7, C,0.1, A, d,1.75,17,    gcmt,-0.88,0.91,0.55,-0.33,-1.24,0.34,252,53,163,353,77,39, BDC
-1,2014,11,10,4,41,17,10.085,126.848,5.37,18, A,610573712,71.4,5.5,3.7,4.6, A,0.1, A, d,1.41,17,    gcmt,1.36,0.08,-1.36,0.05,-0.37,0,342,44,-95,169,46,-86, BDC
-1,2014,12,21,0,25,22,11.515,125.955,5.57,18, B,610574717,75.8,5,3.1,16.2, C,0.1, A, d,2.82,17,    gcmt,-2.02,1.94,2,-0.16,0.34,0.01,354,67,93,168,23,84, BDC
-1,2014,12,21,10,0,11,11.56,126.072,5.25,18, B,606411960,69.5,5.1,3.2,16.2, C,0.1, A, d,0.95,17,    gcmt,-0.67,0.67,0.66,0.04,0.06,0.01,169,23,78,1,68,95, BDC
-1,2014,12,30,15,25,33,9.865,126.379,5.03,18, B,606436732,69.2,5.5,3.4,14.5, C,0.1, A, d,4.35,16,    gcmt,-1.38,3.74,1.28,-1.68,0.67,0.1,164,10,98,336,80,89, BDC
-1,2014,12,30,19,9,3,9.889,126.442,5.1,18, A,606436757,70.8,5.3,3.7,14.5, C,0.1, A, d,5.67,16,    gcmt,-2.12,4.55,1.87,-2.66,0.57,0.25,187,12,125,331,80,83, BDC
-1,2015,2,6,8,3,19,9.587,126.353,5.41,67, B,606707531,72.5,5.5,3.4,5.2, A,0.1, A, d,1.62,17,    gcmt,-1.36,1.02,1.15,0.01,0.14,0.22,170,26,82,359,65,94, BDC
-1,2015,2,6,9,39,6,9.59,126.441,5.11,60, B,606708754,79.2,7,4.3,17.1, C,0.1, A, d,5.79,16,    gcmt,-5.14,2.8,4.97,0.17,0.35,0.17,172,31,84,360,59,94, BDC
-1,2015,2,10,13,29,41,11.305,126.242,5.42,20, B,606723229,75.7,5.3,3.1,6.1, A,0.1, A, d,1.69,17,    gcmt,-1.34,0.93,1.4,-0.21,0.24,-0.06,171,28,92,348,62,89, BDC
-1,2015,3,2,21,51,55,9.901,126.453,5.08,25, A,606760671,81.6,5.3,3.9,14.5, C,0.1, A, d,5.28,16,    gcmt,-1.47,1.75,-3.91,-0.47,1.31,5.38,233,51,-129,106,53,-52, BDC
-1,2015,5,13,15,55,5,13.024,124.371,5.15,17, B,607235565,60.3,5.9,3.4,22, C,0.1, A, d,6.61,16,    gcmt,-2.58,2.82,-1.82,0.99,4.61,4.4,107,60,-11,202,80,-149, BDC
-1,2015,5,22,11,0,2,11.505,124.363,4.99,16, B,607260757,61.4,5,2.8,9.8, B,0.1, A, d,3.91,16,    gcmt,-3.4,-0.73,-0.19,-0.69,-1.42,3.59,326,75,-4,57,86,-165, BDC
-1,2015,7,3,6,43,23,10.161,125.97,6.11,44, A,611836134,74.1,4.6,3.2,5.3, A,0.1, A, d,1.87,18,    gcmt,-1.82,0.65,1.6,0.33,0.09,0.22,164,36,69,10,56,105, BDC
-1,2015,9,7,12,22,40,10.136,126.177,4.96,55, B,607732134,67.9,7.3,4.4,18, C,0.1, A, d,3.44,16,    gcmt,-3.2,-1.42,2.92,0.48,-0.42,0.28,19,34,110,175,58,77, BDC
-1,2015,12,20,9,28,51,12.867,124.379,5.33,111, B,611838535,66.3,5.2,3.1,5.2, A,0.1, A, d,1.25,17,    gcmt,-0.82,0.14,0.35,-0.74,0.71,0.47,196,51,163,297,77,40, BDC
-1,2015,12,26,22,11,19,9.939,126.059,5.04,78, B,611838551,71.8,5.6,3.4,18, B,0.1, A, d,4.59,16,    gcmt,-4.71,1.19,3.91,0.91,-0.29,0.8,169,39,68,16,54,106, BDC
-1,2016,1,13,7,52,41,12.226,125.554,5.12,84, B,611838648,78.8,6.8,4.6,5, A,0.1, A, d,6.06,16,    gcmt,-4.23,4.1,4.15,-0.11,1.55,0.08,149,25,67,354,67,100, BDC
-1,2016,1,14,13,14,50,9.605,126.327,5.54,49, B,611838654,71,4.9,2.9,6.5, A,0.1, A, d,2.6,17,    gcmt,-2.36,1.2,2.24,0.17,0.09,0.13,173,32,81,3,59,95, BDC
-1,2016,2,13,20,14,35,10.531,125.175,4.99,216, B,608330818,63.6,7,4.2,15.1, C,0.1, A, d,3.88,16,    gcmt,-1.93,-2.61,-0.65,-0.45,1.7,2.58,291,49,-12,29,81,-139, BDC
-1,2016,7,26,14,29,10,9.738,125.506,5.28,18, B,609262340,68.5,5,2.7,3.7, A,0.1, A, d,1.06,17,    gcmt,-0.46,-0.38,-0.02,-0.27,-0.83,0.49,343,72,-14,77,76,-162, BDC
-1,2016,8,13,14,5,5,11.549,124.385,5.1,33, B,611830343,63.3,4.1,2.6,4.8, A,0.1, A, d,5.7,16,    gcmt,-6.03,-0.59,5.15,-0.12,1.07,0.88,348,42,86,174,48,94, BDC
-1,2016,8,26,15,53,25,10.161,125.936,4.96,83, B,609385591,75,6.6,3.7,6, A,0.1, A, d,3.52,16,    gcmt,-3.12,1.53,3.07,0.62,0.26,0.05,164,33,70,7,59,103, BDC
-1,2016,10,14,18,29,5,9.066,125.517,5.14,45, A,609593884,69.2,4.3,3.3,5.2, A,0.1, A, d,6.43,16,    gcmt,0.86,0.09,4.46,3.73,-2.04,-5.32,238,29,67,85,63,103, BDC
-1,2016,11,21,8,11,51,10.308,125.283,5.09,36, B,615054867,61.8,6.4,3.9,5.2, A,0.1, A, d,5.46,16,    gcmt,-4.99,1.42,-0.43,-0.45,-0.54,5.43,229,75,-172,137,83,-15, BDC
-1,2016,12,15,1,6,26,10.244,126.192,5.23,67, B,609854777,70.1,5.7,3.7,6, A,0.1, A, d,8.68,16,    gcmt,-4.93,7.48,3.67,0.8,0.3,1.27,164,16,69,6,75,96, BDC
-1,2016,12,19,20,44,41,10.155,125.845,5.42,68, B,611831340,65.2,4.6,2.9,5.4, A,0.1, A, d,1.71,17,    gcmt,-0.23,-1.56,0.1,0.65,-0.11,0.14,55,7,167,158,88,83, BDC
-1,2016,12,22,3,2,31,11.457,125.678,5.5,71, B,609927324,67,5.7,3.4,6.2, A,0.1, A, d,2.25,17,    gcmt,-0.92,2.07,0.7,-0.29,0.18,0.22,352,79,90,170,11,88, BDC
-1,2016,12,23,16,9,36,9.927,126.276,5.12,62, B,609927909,64.3,5.7,3.6,6.6, A,0.1, A, d,6.09,16,    gcmt,-4.69,4.57,3.2,0.21,0.7,1.49,159,22,68,3,70,99, BDC
-1,2016,12,23,18,17,1,9.969,126.268,5.13,48, B,609927915,61.3,6.5,4.1,6, A,0.1, A, d,6.24,16,    gcmt,-3.98,4.96,3.59,-0.12,-0.05,0.39,183,19,94,359,71,89, BDC
-1,2017,1,30,2,43,58,9.866,126.031,5.06,78, B,611831691,64.2,5.9,3.8,6, A,0.1, A, d,4.87,16,    gcmt,-4.57,1.19,4.75,0.77,0.25,-0.18,168,39,76,6,53,101, BDC
-1,2017,2,10,14,3,43,9.855,125.454,6.47,13, B,610208008,61.8,3.7,2.4,3.9, A,0.1, A, d,6.28,18,    gcmt,-4,-2.14,0.06,-1.24,-4.26,3.95,70,78,-163,337,74,-12, BDC
-1,2017,2,11,9,11,2,9.81,125.497,5.08,24, B,615934816,59.7,6.1,4,25, A,0.1, A, d,5.21,16,    gcmt,-5.22,-0.17,0.59,-0.24,-1.68,4.63,324,87,1,234,89,177, BDC
-1,2017,3,5,0,8,21,9.795,125.444,5.72,29, A,610245306,59.8,3.8,2.7,4.7, A,0.1, A, d,4.78,17,    gcmt,-3.17,-1.87,-0.14,-1.75,-2.48,3.31,65,83,-151,331,61,-8, BDC
-1,2017,4,10,0,43,56,12.928,125.373,5.72,19, A,610523845,64.8,3.5,2.8,4.5, A,0.1, A, d,4.79,17,    gcmt,-2.82,3.46,3.08,-1.39,0.54,-0.25,341,71,85,175,20,104, BDC
-1,2017,4,23,1,19,47,9.21,126.316,5.36,66, B,610547528,64.3,5,3.1,6.1, A,0.1, A, d,1.38,17,    gcmt,-1.41,0.36,1.14,0.35,-0.04,0.27,163,40,62,18,56,112, BDC
-1,2017,5,20,1,6,15,9.313,123.95,5.98,547, A,611600213,67.2,4.1,3,6.9, A,0.1, A, d,1.18,18,    gcmt,0.67,0.39,-0.21,-0.88,-0.36,-0.47,122,84,-125,23,36,-11, BDC
-1,2017,6,26,7,41,30,10.3,126.139,5.19,25, B,610694756,71.1,4.2,2.5,4.5, A,0.1, A, d,7.66,16,    gcmt,-3.71,6.66,3.26,-0.41,1.47,0.45,144,16,60,355,76,98, BDC
-1,2017,7,6,8,3,58,11.103,124.704,6.48,11, A,611600353,75.4,2.9,2.1,3.8, A,0.1, A, d,6.54,18,    gcmt,-5.52,-0.57,-0.95,-0.99,-2.36,6.47,56,88,-170,326,80,-2, BDC
-1,2017,7,10,1,41,51,11.005,124.828,5.8,18, A,611834303,83.8,3.2,2.2,3.8, A,0.1, A, d,6.4,17,    gcmt,-5.7,-0.15,-0.2,-1.06,-2.5,5.9,236,86,172,327,82,4, BDC
-1,2017,8,10,0,43,19,9.473,124.166,5.43,524, A,611834595,65.2,5.1,3.5,6.7, A,0.1, A, d,1.77,17,    gcmt,1.54,-0.84,-0.51,-0.67,0.61,-1.04,148,50,-170,51,82,-41, BDC
-1,2017,8,22,22,26,15,10.987,124.677,4.98,19, B,611834689,69.9,3.9,2.5,6.5, B,0.1, A, d,3.77,16,    gcmt,-3.49,-0.29,3.2,-1.52,-0.77,0.29,350,44,57,213,54,118, BDC
-1,2017,12,6,2,48,23,11.1,125.645,5.03,43, B,611582036,76.9,8.3,4.8,6, A,0.1, A, d,4.35,16,    gcmt,-4.14,1.03,0.42,1.38,-0.65,3.72,140,66,4,49,86,156, BDC
-1,2017,12,30,1,24,9,10.048,126.211,5.05,55, B,611612531,75.7,10.2,5.4,18, C,0.1, A, d,4.68,16,    gcmt,-3.6,2.84,3.74,-0.56,0.2,-0.14,181,26,98,352,64,86, BDC
-1,2018,3,5,1,5,33,11.32,125.385,5,54, B,611729936,73.2,9.3,5.2,5, A,0.1, A, d,3.94,16,    gcmt,-3.95,1.17,3.4,0.49,0.65,0.55,160,38,71,3,54,104, BDC
-1,2018,3,24,10,34,37,10.078,125.959,5.11,78, B,611818794,78.2,5.6,3.4,6.1, A,0.1, A, d,5.8,16,    gcmt,-5.25,3,4.35,0.92,0.7,0.9,157,32,63,8,62,106, BDC
-1,2018,5,10,11,56,59,10.166,125.541,5.68,34, A,611932682,70.6,3,2.4,4.7, A,0.1, A, d,4.17,17,    gcmt,-0.16,-0.09,-1.93,1.92,3.28,2.09,15,51,-157,270,72,-41, BDC
-1,2018,7,10,16,24,19,9.789,125.377,5.13,25, B,612297849,70.1,4.8,3.2,3.7, A,0.1, A, d,6.28,16,    gcmt,-0.63,1.12,3.52,-3.71,-3.72,-2.88,22,42,34,265,68,127, BDC
-1,2018,8,24,4,33,33,11.065,126.097,5.44,52, B,612637241,72.5,5.1,3,6.6, A,0.1, A, d,1.83,17,    gcmt,-1.37,1.24,1.3,-0.06,0.12,0.07,174,24,87,357,66,91, BDC
-1,2018,9,10,2,43,5,10.535,126.257,4.98,22, A,612708759,62.5,6.4,5.4,8, C,0.1, A, d,3.73,16,    gcmt,-2.74,2.15,3.1,-0.67,0.54,-0.36,170,27,95,345,64,88, BDC
-1,2018,9,10,11,57,6,10.672,126.27,5.35,27, B,612708804,73.5,4.5,2.9,4.9, A,0.1, A, d,1.34,17,    gcmt,-0.99,0.84,1.04,-0.16,0.16,-0.05,172,25,92,350,65,89, BDC
-1,2018,9,27,4,44,28,10.473,126.488,5.12,15, B,613407791,76,4.4,2.8,5.1, A,0.1, A, d,6.13,16,    gcmt,-3.64,4.9,3.13,-1.08,1.08,0.51,164,18,87,347,72,91, BDC
-1,2019,1,28,6,6,18,9.758,126.35,4.96,47, B,614590908,79.4,7.9,4.8,7.6, A,0.1, A, d,3.45,16,    gcmt,-3.2,0.65,3.51,0.48,0.04,-0.31,173,40,79,6,51,99, BDC
-1,2019,2,8,11,55,10,9.77,126.369,5.9,32, A,614618491,80.1,4.1,2.8,5.1, A,0.1, A, d,0.9,18,    gcmt,0.23,-0.11,-0.64,0.52,-0.48,0.4,151,32,-56,292,64,-109, BDC
-1,2019,2,8,12,45,40,9.829,126.356,5.02,17, A,614619811,81.7,7.2,4.7,14.5, C,0.1, A, d,4.27,16,    gcmt,-3.41,1.99,3.98,-0.11,0.68,-0.57,164,31,84,351,59,94, BDC
-1,2019,2,8,17,2,43,9.772,126.326,4.97,44, B,614619802,77.9,9.5,6.1,14.5, C,0.1, A, d,3.55,16,    gcmt,-2.41,2.5,2.11,-1.07,0.13,0.3,195,23,121,341,71,78, BDC
-1,2019,2,8,21,10,3,9.809,126.326,5.06,34, B,614619910,73.2,6.5,4.1,5.1, A,0.1, A, d,4.81,16,    gcmt,0.86,-3.88,-1.84,1.23,-2.05,0.97,102,23,-145,340,77,-71, BDC
-1,2019,2,9,22,21,23,9.771,126.255,5.09,74, B,614620180,76.1,6.7,4.3,14.5, C,0.1, A, d,5.48,16,    gcmt,0.04,-5,-0.22,2.2,0.61,0.17,253,4,6,157,90,94, BDC
-1,2019,2,10,14,33,40,9.801,126.399,5.19,71, B,614620231,75,5.8,3.6,6.2, A,0.1, A, d,7.64,16,    gcmt,-5.38,-2.62,6.83,0.19,3.57,-1.45,319,37,74,159,55,101, BDC
-1,2019,3,8,15,6,16,10.383,125.973,6.06,51, A,615142175,77.4,4.2,2.9,6.1, A,0.1, A, d,1.53,18,    gcmt,-1.47,0.56,1.31,0.23,0.19,0.17,160,36,69,5,57,104, BDC
-1,2019,4,1,2,16,53,10.604,125.832,5.55,50, B,615409805,66.1,4.7,3.1,5.4, A,0.1, A, d,2.66,17,    gcmt,-2.05,-1.79,1.87,0.2,0.06,0.18,3,24,97,175,66,87, BDC
-1,2019,4,23,5,37,53,11.755,125.125,6.45,64, A,615417088,64.2,4.1,3,5.2, A,0.1, A, d,5.9,18,    gcmt,-1.21,-5.12,2.51,-0.72,-1.88,-1.29,70,21,144,194,78,73, BDC
-1,2019,4,26,5,27,8,9.743,126.543,5.53,75, B,615422682,67.9,5.7,3.7,5.3, A,0.1, A, d,2.49,17,    gcmt,-1.75,1.78,1.71,-0.12,0.08,0.04,179,22,92,356,68,89, BDC
-1,2019,4,26,6,4,28,9.767,126.438,5.16,69, B,615422684,72.6,7.2,4.8,14.5, C,0.1, A, d,6.86,16,    gcmt,-4.73,5.07,4.32,-0.76,0.56,0.41,176,21,94,352,69,89, BDC
-1,2019,4,26,8,4,30,9.794,126.543,5.54,62, B,615422689,63.6,5.9,3.9,6.2, A,0.1, A, d,2.57,17,    gcmt,-1.81,1.8,1.74,-0.29,0.34,0.07,169,22,89,351,68,91, BDC
-1,2019,4,26,10,54,52,9.774,126.636,5.08,17, A,616309722,78,6.5,4.3,3.9, A,0.1, A, d,5.29,16,    gcmt,-3.65,3.96,3.32,-0.21,0.36,0.33,173,21,87,357,69,91, BDC
-1,2019,4,26,20,28,34,9.758,126.548,5.38,32, A,615429853,72.3,5.6,3.7,5.1, A,0.1, A, d,1.46,17,    gcmt,-1.03,1.01,1.01,-0.16,0.18,0.03,170,23,89,351,67,90, BDC
-1,2019,4,28,3,59,57,9.578,126.452,5.09,33, B,615433193,82.1,7,4.3,51.2, A,0.1, A, d,5.5,16,    gcmt,-4.2,3.69,3.93,-0.07,-0.3,0.27,188,24,97,0,66,87, BDC
-1,2019,5,8,3,1,5,11.678,125.688,5.05,53, B,615499575,63,9.7,6.2,16.9, C,0.1, A, d,4.65,16,    gcmt,-4,2.78,3.34,-0.1,0.72,0.66,165,27,80,356,63,95, BDC
-1,2019,6,29,19,0,8,9.675,125.03,5.03,51, B,615982710,69.3,6.3,4.1,5.2, A,0.1, A, d,4.47,16,    gcmt,-2.7,-0.87,3.03,1.37,-3.07,-0.33,185,54,46,64,55,134, BDC
-1,2019,7,1,16,59,27,9.145,124.159,5.93,554, A,616004315,68.2,4.1,3.1,6.8, A,0.1, A, d,0.99,18,    gcmt,0.83,-0.52,-0.77,-0.26,0.02,-0.06,167,30,-116,16,63,-76, BDC
-1,2019,7,8,0,59,27,9.565,126.196,5.1,52, B,616046641,74,7.1,4.5,6.5, A,0.1, A, d,5.66,16,    gcmt,-5.05,0.87,3.38,2.67,-2.15,1.66,164,47,37,47,64,130, BDC
-1,2019,7,12,20,42,59,9.293,125.997,5.79,28, A,616060038,76.4,4.7,3.1,4.8, A,0.1, A, d,6.05,17,    gcmt,-2.63,0.43,-1.02,-0.43,5.12,3.65,196,84,-176,106,86,-6, BDC
-1,2019,8,3,21,10,57,12.741,125.028,4.99,44, B,616200636,70.6,6.8,3.9,6.3, A,0.1, A, d,3.9,16,    gcmt,-2.47,2.13,-0.77,1.44,0.1,3.24,129,49,-12,228,81,-138, BDC
-1,2019,8,3,23,17,34,12.782,124.988,4.99,41, B,616200643,70.4,8.4,5.2,5.4, A,0.1, A, d,3.81,16,    gcmt,-2.18,2.44,-0.37,1.74,-0.05,2.55,130,39,-6,225,86,-129, BDC
-1,2019,11,8,5,31,44,10.758,125.653,5.28,51, B,616764922,66.5,6.6,4,5.3, A,0.1, A, d,1.05,17,    gcmt,-0.38,0.66,-0.41,0.44,-0.01,0.8,123,39,-24,232,75,-126, BDC
-1,2019,12,26,12,19,52,11.16,122.669,5.07,40, B,617003197,71.1,6.9,4.1,5.2, A,0.1, A, d,5.13,16,    gcmt,-0.99,-0.99,-1.97,-2.23,-3.74,2.96,341,55,-21,83,73,-144, BDC
